"id","School","Sex","Grade","Final"
1,"A","M",1,44.4
2,"A","M",2,47.7
3,"A","M",3,65.6
4,"A","F",1,50.7
5,"A","F",2,51.3
6,"A","F",3,67.2
7,"A","M",1,54.6
8,"A","M",2,37.3
9,"A","M",3,43.1
10,"A","F",1,45.5
11,"A","F",2,62.2
12,"A","F",3,53.6
13,"A","M",1,54
14,"A","M",2,51.1
15,"A","M",3,44.4
16,"A","F",1,67.9
17,"A","F",2,55
18,"A","F",3,30.3
19,"A","M",1,57
20,"A","M",2,45.3
21,"A","M",3,39.3
22,"A","F",1,47.8
23,"A","F",2,39.7
24,"A","F",3,42.7
25,"A","M",1,43.7
26,"A","M",2,33.1
27,"A","M",3,58.4
28,"A","F",1,51.5
29,"A","F",2,38.6
30,"A","F",3,62.5
31,"A","M",1,54.3
32,"A","M",2,47
33,"A","M",3,59
34,"A","F",1,58.8
35,"A","F",2,58.2
36,"A","F",3,56.9
37,"A","M",1,55.5
38,"A","M",2,49.4
39,"A","M",3,46.9
40,"A","F",1,46.2
41,"A","F",2,43.1
42,"A","F",3,47.9
43,"A","M",1,37.3
44,"A","M",2,71.7
45,"A","M",3,62.1
46,"A","F",1,38.8
47,"A","F",2,46
48,"A","F",3,45.3
49,"A","M",1,57.8
50,"A","M",2,49.2
51,"A","M",3,52.5
52,"A","F",1,49.7
53,"A","F",2,49.6
54,"A","F",3,63.7
55,"A","M",1,47.7
56,"A","M",2,65.2
57,"A","M",3,34.5
58,"A","F",1,55.8
59,"A","F",2,51.2
60,"A","F",3,52.2
61,"A","M",1,53.8
62,"A","M",2,45
63,"A","M",3,46.7
64,"A","F",1,39.8
65,"A","F",2,39.3
66,"A","F",3,53
67,"A","M",1,54.5
68,"A","M",2,50.5
69,"A","M",3,59.2
70,"A","F",1,70.5
71,"A","F",2,45.1
72,"A","F",3,26.9
73,"A","M",1,60.1
74,"A","M",2,42.9
75,"A","M",3,43.1
76,"A","F",1,60.3
77,"A","F",2,47.2
78,"A","F",3,37.8
79,"A","M",1,51.8
80,"A","M",2,48.6
81,"A","M",3,50.1
82,"A","F",1,53.9
83,"A","F",2,46.3
84,"A","F",3,56.4
85,"A","M",1,47.8
86,"A","M",2,53.3
87,"A","M",3,61
88,"A","F",1,54.4
89,"A","F",2,46.7
90,"A","F",3,61.5
91,"A","M",1,59.9
92,"A","M",2,55.5
93,"A","M",3,52.4
94,"A","F",1,43.7
95,"A","F",2,63.6
96,"A","F",3,44
97,"A","M",1,71.9
98,"A","M",2,65.3
99,"A","M",3,47.6
100,"A","F",1,39.7
101,"A","F",2,42.9
102,"A","F",3,52.6
103,"A","M",1,47.5
104,"A","M",2,46.5
105,"A","M",3,40.5
106,"A","F",1,49.5
107,"A","F",2,42.2
108,"A","F",3,33.3
109,"A","M",1,46.2
110,"A","M",2,59.2
111,"A","M",3,44.2
112,"A","F",1,56.1
113,"A","F",2,33.8
114,"A","F",3,49.4
115,"A","M",1,55.2
116,"A","M",2,53
117,"A","M",3,51.1
118,"A","F",1,43.6
119,"A","F",2,41.5
120,"A","F",3,39.8
121,"A","M",1,51.2
122,"A","M",2,40.5
123,"A","M",3,45.1
124,"A","F",1,47.4
125,"A","F",2,68.4
126,"A","F",3,43.5
127,"A","M",1,52.4
128,"A","M",2,50.8
129,"A","M",3,40.4
130,"A","F",1,49.3
131,"A","F",2,64.4
132,"A","F",3,54.5
133,"A","M",1,50.4
134,"A","M",2,45.8
135,"A","M",3,29.5
136,"A","F",1,61.3
137,"A","F",2,35.4
138,"A","F",3,57.4
139,"A","M",1,69.1
140,"A","M",2,35.6
141,"A","M",3,57
142,"A","F",1,47.4
143,"A","F",2,34.3
144,"A","F",3,34.9
145,"A","M",1,34
146,"A","M",2,44.7
147,"A","M",3,35.4
148,"A","F",1,56.9
149,"A","F",2,71
150,"A","F",3,37.1
151,"A","M",1,57.9
152,"A","M",2,57.7
153,"A","M",3,53.3
154,"A","F",1,39.9
155,"A","F",2,48.8
156,"A","F",3,47.2
157,"A","M",1,55.6
158,"A","M",2,46.3
159,"A","M",3,59.8
160,"A","F",1,46.3
161,"A","F",2,60.5
162,"A","F",3,39.5
163,"A","M",1,37.4
164,"A","M",2,82.4
165,"A","M",3,45.8
166,"A","F",1,53
167,"A","F",2,56.4
168,"A","F",3,45.2
169,"A","M",1,55.2
170,"A","M",2,53.7
171,"A","M",3,47.8
172,"A","F",1,50.7
173,"A","F",2,49.7
174,"A","F",3,71.3
175,"A","M",1,42.6
176,"A","M",2,39
177,"A","M",3,50.4
178,"A","F",1,53.1
179,"A","F",2,54.4
180,"A","F",3,45.4
181,"A","M",1,39.4
182,"A","M",2,62.6
183,"A","M",3,46.5
184,"A","F",1,41.3
185,"A","F",2,47.6
186,"A","F",3,48
187,"A","M",1,61.1
188,"A","M",2,50.8
189,"A","M",3,57.5
190,"A","F",1,45
191,"A","F",2,52.1
192,"A","F",3,46.8
193,"A","M",1,50.9
194,"A","M",2,41
195,"A","M",3,36.9
196,"A","F",1,70
197,"A","F",2,56
198,"A","F",3,37.5
199,"A","M",1,43.9
200,"A","M",2,38.1
201,"A","M",3,72
202,"A","F",1,63.1
203,"A","F",2,47.3
204,"A","F",3,55.4
205,"A","M",1,45.9
206,"A","M",2,45.2
207,"A","M",3,42.1
208,"A","F",1,44.1
209,"A","F",2,66.5
210,"A","F",3,49.5
211,"A","M",1,51.2
212,"A","M",2,52.4
213,"A","M",3,62.3
214,"A","F",1,44.8
215,"A","F",2,40.1
216,"A","F",3,66.8
217,"A","M",1,45.6
218,"A","M",2,42.8
219,"A","M",3,37.6
220,"A","F",1,37.2
221,"A","F",2,44.3
222,"A","F",3,56.2
223,"A","M",1,61.1
224,"A","M",2,57.1
225,"A","M",3,46.4
226,"A","F",1,50.6
227,"A","F",2,43
228,"A","F",3,42.8
229,"A","M",1,58.8
230,"A","M",2,39.8
231,"A","M",3,69.6
232,"A","F",1,49.1
233,"A","F",2,52.1
234,"A","F",3,42.6
235,"A","M",1,44.3
236,"A","M",2,36.8
237,"A","M",3,48.2
238,"A","F",1,54.2
239,"A","F",2,53.2
240,"A","F",3,42.2
241,"A","M",1,42.1
242,"A","M",2,45
243,"A","M",3,65
244,"A","F",1,38.6
245,"A","F",2,48.2
246,"A","F",3,69
247,"A","M",1,49
248,"A","M",2,36.4
249,"A","M",3,43.4
250,"A","F",1,54.9
251,"A","F",2,46.2
252,"A","F",3,44.4
253,"A","M",1,46.6
254,"A","M",2,50.9
255,"A","M",3,66
256,"A","F",1,49.1
257,"A","F",2,60.8
258,"A","F",3,56.3
259,"A","M",1,48.9
260,"A","M",2,34.7
261,"A","M",3,44.8
262,"A","F",1,45.1
263,"A","F",2,50.5
264,"A","F",3,63
265,"A","M",1,72.9
266,"A","M",2,65.5
267,"A","M",3,48.7
268,"A","F",1,32.4
269,"A","F",2,46.1
270,"A","F",3,50.9
271,"A","M",1,58.5
272,"A","M",2,59.6
273,"A","M",3,56.8
274,"A","F",1,36
275,"A","F",2,58.5
276,"A","F",3,45.5
277,"A","M",1,51.7
278,"A","M",2,50.7
279,"A","M",3,54.3
280,"A","F",1,50.2
281,"A","F",2,33.3
282,"A","F",3,57.4
283,"A","M",1,53.9
284,"A","M",2,47.3
285,"A","M",3,51.2
286,"A","F",1,51.3
287,"A","F",2,52.2
288,"A","F",3,66.4
289,"A","M",1,47.8
290,"A","M",2,51.7
291,"A","M",3,61.7
292,"A","F",1,60.5
293,"A","F",2,61.5
294,"A","F",3,44.2
295,"A","M",1,70
296,"A","M",2,50.7
297,"A","M",3,68.7
298,"A","F",1,36.5
299,"A","F",2,50.2
300,"A","F",3,62.5
301,"A","M",1,42.8
302,"A","M",2,42.5
303,"A","M",3,40.6
304,"A","F",1,39.5
305,"A","F",2,45.6
306,"A","F",3,53.3
307,"A","M",1,29.9
308,"A","M",2,52.1
309,"A","M",3,62.4
310,"A","F",1,70.4
311,"A","F",2,63
312,"A","F",3,57.6
313,"A","M",1,32.7
314,"A","M",2,44
315,"A","M",3,46.5
316,"A","F",1,57
317,"A","F",2,48.9
318,"A","F",3,37.4
319,"A","M",1,66.8
320,"A","M",2,59.1
321,"A","M",3,52.4
322,"A","F",1,62.2
323,"A","F",2,36.6
324,"A","F",3,56.6
325,"A","M",1,44.8
326,"A","M",2,56.8
327,"A","M",3,49.4
328,"A","F",1,56.3
329,"A","F",2,63.4
330,"A","F",3,50.1
331,"A","M",1,60.2
332,"A","M",2,38.1
333,"A","M",3,42.8
334,"A","F",1,65.2
335,"A","F",2,53.8
336,"A","F",3,29.5
337,"A","M",1,36.4
338,"A","M",2,48
339,"A","M",3,58.7
340,"A","F",1,49
341,"A","F",2,56.2
342,"A","F",3,59.6
343,"A","M",1,66.7
344,"A","M",2,50.6
345,"A","M",3,49.5
346,"A","F",1,32.5
347,"A","F",2,51
348,"A","F",3,44.3
349,"A","M",1,40.3
350,"A","M",2,48.2
351,"A","M",3,60.1
352,"A","F",1,30.1
353,"A","F",2,45.7
354,"A","F",3,51.2
355,"A","M",1,41.1
356,"A","M",2,53.3
357,"A","M",3,54.1
358,"A","F",1,49.7
359,"A","F",2,25.3
360,"A","F",3,75.7
361,"A","M",1,47.9
362,"A","M",2,56.5
363,"A","M",3,52.7
364,"A","F",1,60.2
365,"A","F",2,58.2
366,"A","F",3,47.9
367,"A","M",1,53.8
368,"A","M",2,40.5
369,"A","M",3,58.6
370,"A","F",1,45.4
371,"A","F",2,74.2
372,"A","F",3,33.5
373,"A","M",1,45.4
374,"A","M",2,58.3
375,"A","M",3,55.1
376,"A","F",1,44.1
377,"A","F",2,40
378,"A","F",3,51.4
379,"A","M",1,49.9
380,"A","M",2,32.1
381,"A","M",3,50.3
382,"A","F",1,51.9
383,"A","F",2,51.7
384,"A","F",3,39.4
385,"A","M",1,54.8
386,"A","M",2,63.8
387,"A","M",3,54.6
388,"A","F",1,38.6
389,"A","F",2,45.6
390,"A","F",3,53.5
391,"A","M",1,43.5
392,"A","M",2,28.4
393,"A","M",3,58.8
394,"A","F",1,41.7
395,"A","F",2,44.3
396,"A","F",3,65
397,"A","M",1,42.3
398,"A","M",2,58.5
399,"A","M",3,37.4
400,"A","F",1,46.5
401,"A","F",2,49.3
402,"A","F",3,38.3
403,"A","M",1,43.7
404,"A","M",2,49.7
405,"A","M",3,56.7
406,"A","F",1,33.5
407,"A","F",2,46.5
408,"A","F",3,57.6
409,"A","M",1,44.6
410,"A","M",2,52.3
411,"A","M",3,54.9
412,"A","F",1,52.7
413,"A","F",2,56.5
414,"A","F",3,48.8
415,"A","M",1,45.9
416,"A","M",2,23.6
417,"A","M",3,49.1
418,"A","F",1,54.3
419,"A","F",2,55.4
420,"A","F",3,44.4
421,"A","M",1,67.8
422,"A","M",2,52.9
423,"A","M",3,51.3
424,"A","F",1,62.7
425,"A","F",2,42.8
426,"A","F",3,45.5
427,"A","M",1,74
428,"A","M",2,50.1
429,"A","M",3,66.3
430,"A","F",1,35.6
431,"A","F",2,48.1
432,"A","F",3,53.8
433,"A","M",1,53
434,"A","M",2,39.9
435,"A","M",3,50.2
436,"A","F",1,39.2
437,"A","F",2,57.1
438,"A","F",3,60.8
439,"A","M",1,27.8
440,"A","M",2,62.4
441,"A","M",3,37.6
442,"A","F",1,54.5
443,"A","F",2,56.6
444,"A","F",3,48
445,"A","M",1,43.5
446,"A","M",2,51.7
447,"A","M",3,54.4
448,"A","F",1,58.8
449,"A","F",2,29.5
450,"A","F",3,33.6
451,"A","M",1,64.3
452,"A","M",2,60.5
453,"A","M",3,54.4
454,"A","F",1,57.2
455,"A","F",2,59.2
456,"A","F",3,23.4
457,"A","M",1,61.1
458,"A","M",2,45.2
459,"A","M",3,52.3
460,"A","F",1,47
461,"A","F",2,58.7
462,"A","F",3,46.5
463,"A","M",1,55.2
464,"A","M",2,46.1
465,"A","M",3,39.1
466,"A","F",1,62.1
467,"A","F",2,57.4
468,"A","F",3,67.2
469,"A","M",1,50.7
470,"A","M",2,61.3
471,"A","M",3,69.8
472,"A","F",1,47.2
473,"A","F",2,36.8
474,"A","F",3,47.6
475,"A","M",1,47.9
476,"A","M",2,51.5
477,"A","M",3,67.1
478,"A","F",1,46.7
479,"A","F",2,53.7
480,"A","F",3,47.7
481,"A","M",1,50.2
482,"A","M",2,53.1
483,"A","M",3,63.3
484,"A","F",1,51.2
485,"A","F",2,57.1
486,"A","F",3,57.8
487,"A","M",1,59.1
488,"A","M",2,44.3
489,"A","M",3,66.3
490,"A","F",1,46.2
491,"A","F",2,48.9
492,"A","F",3,64
493,"A","M",1,62.9
494,"A","M",2,39.1
495,"A","M",3,41.3
496,"A","F",1,36.4
497,"A","F",2,51.8
498,"A","F",3,51.6
499,"A","M",1,53.6
500,"A","M",2,55.5
501,"A","M",3,44
502,"A","F",1,40.1
503,"A","F",2,60.3
504,"A","F",3,57.5
505,"A","M",1,34.9
506,"A","M",2,49
507,"A","M",3,41
508,"A","F",1,29.3
509,"A","F",2,51.5
510,"A","F",3,49.2
511,"A","M",1,49
512,"A","M",2,52.2
513,"A","M",3,58.8
514,"A","F",1,52.1
515,"A","F",2,43.8
516,"A","F",3,42.7
517,"A","M",1,48.7
518,"A","M",2,53.1
519,"A","M",3,39.6
520,"A","F",1,48.2
521,"A","F",2,59.7
522,"A","F",3,48.9
523,"A","M",1,43
524,"A","M",2,47.2
525,"A","M",3,61.1
526,"A","F",1,55.5
527,"A","F",2,62.4
528,"A","F",3,51.4
529,"A","M",1,54.1
530,"A","M",2,44.4
531,"A","M",3,56.1
532,"A","F",1,44.9
533,"A","F",2,35.8
534,"A","F",3,51.3
535,"A","M",1,69.5
536,"A","M",2,58
537,"A","M",3,61.7
538,"A","F",1,53.6
539,"A","F",2,43.9
540,"A","F",3,48
541,"A","M",1,47.3
542,"A","M",2,45.3
543,"A","M",3,57
544,"A","F",1,38
545,"A","F",2,58.7
546,"A","F",3,58.6
547,"A","M",1,38
548,"A","M",2,56.4
549,"A","M",3,74.3
550,"A","F",1,44.4
551,"A","F",2,58.4
552,"A","F",3,42.2
553,"A","M",1,61.1
554,"A","M",2,52.5
555,"A","M",3,66.5
556,"A","F",1,35.4
557,"A","F",2,49.5
558,"A","F",3,44.7
559,"A","M",1,48
560,"A","M",2,43.7
561,"A","M",3,41.7
562,"A","F",1,55.8
563,"A","F",2,39.1
564,"A","F",3,64.8
565,"A","M",1,38.1
566,"A","M",2,51
567,"A","M",3,55.3
568,"A","F",1,55.9
569,"A","F",2,47
570,"A","F",3,50.8
571,"A","M",1,59.6
572,"A","M",2,35.4
573,"A","M",3,42.2
574,"A","F",1,53.2
575,"A","F",2,45.6
576,"A","F",3,63.7
577,"A","M",1,56.7
578,"A","M",2,50.7
579,"A","M",3,34.9
580,"A","F",1,50.3
581,"A","F",2,46.8
582,"A","F",3,49
583,"A","M",1,38.2
584,"A","M",2,55
585,"A","M",3,39.6
586,"A","F",1,47.7
587,"A","F",2,53.8
588,"A","F",3,42.2
589,"A","M",1,55.8
590,"A","M",2,36.8
591,"A","M",3,21.9
592,"A","F",1,54.6
593,"A","F",2,58.4
594,"A","F",3,47.1
595,"A","M",1,55
596,"A","M",2,38.4
597,"A","M",3,48.7
598,"A","F",1,30.6
599,"A","F",2,61.8
600,"A","F",3,68.6
601,"A","M",1,60.7
602,"A","M",2,49.7
603,"A","M",3,49.7
604,"A","F",1,34.8
605,"A","F",2,57.9
606,"A","F",3,47.9
607,"A","M",1,43.4
608,"A","M",2,35.9
609,"A","M",3,47
610,"A","F",1,41.5
611,"A","F",2,46
612,"A","F",3,37.8
613,"A","M",1,66.9
614,"A","M",2,49.8
615,"A","M",3,60.7
616,"A","F",1,24
617,"A","F",2,45.5
618,"A","F",3,43.2
619,"A","M",1,37.8
620,"A","M",2,65.5
621,"A","M",3,35.8
622,"A","F",1,53.2
623,"A","F",2,58.5
624,"A","F",3,51.8
625,"A","M",1,41.2
626,"A","M",2,59.4
627,"A","M",3,51.7
628,"A","F",1,39.4
629,"A","F",2,36.1
630,"A","F",3,70.9
631,"A","M",1,43.2
632,"A","M",2,31.4
633,"A","M",3,55.3
634,"A","F",1,53.1
635,"A","F",2,36.5
636,"A","F",3,30.6
637,"A","M",1,48.8
638,"A","M",2,61.4
639,"A","M",3,56.4
640,"A","F",1,45.1
641,"A","F",2,41.7
642,"A","F",3,52.7
643,"A","M",1,51.6
644,"A","M",2,56.3
645,"A","M",3,46
646,"A","F",1,59
647,"A","F",2,41.7
648,"A","F",3,46.7
649,"A","M",1,57.4
650,"A","M",2,59.9
651,"A","M",3,30.6
652,"A","F",1,51.1
653,"A","F",2,56.1
654,"A","F",3,35.5
655,"A","M",1,54.8
656,"A","M",2,41.7
657,"A","M",3,60.2
658,"A","F",1,55.4
659,"A","F",2,57.7
660,"A","F",3,51.2
661,"A","M",1,58.6
662,"A","M",2,63.8
663,"A","M",3,69.7
664,"A","F",1,49.7
665,"A","F",2,27.5
666,"A","F",3,50.3
667,"A","M",1,52.1
668,"A","M",2,48.4
669,"A","M",3,55.7
670,"A","F",1,60.1
671,"A","F",2,44.8
672,"A","F",3,47.1
673,"A","M",1,54
674,"A","M",2,44.5
675,"A","M",3,50.9
676,"A","F",1,30.4
677,"A","F",2,38.8
678,"A","F",3,36.7
679,"A","M",1,41.5
680,"A","M",2,43.1
681,"A","M",3,53.8
682,"A","F",1,59.8
683,"A","F",2,42.7
684,"A","F",3,40
685,"A","M",1,39.6
686,"A","M",2,45.9
687,"A","M",3,47.6
688,"A","F",1,54.8
689,"A","F",2,46.8
690,"A","F",3,29.2
691,"A","M",1,49.1
692,"A","M",2,61.9
693,"A","M",3,61.9
694,"A","F",1,42.1
695,"A","F",2,34.5
696,"A","F",3,74.6
697,"A","M",1,48.4
698,"A","M",2,49
699,"A","M",3,54.2
700,"A","F",1,33.9
701,"A","F",2,42.7
702,"A","F",3,34.6
703,"A","M",1,43.1
704,"A","M",2,51.2
705,"A","M",3,36.4
706,"A","F",1,55.9
707,"A","F",2,52.9
708,"A","F",3,41
709,"A","M",1,52.3
710,"A","M",2,57.5
711,"A","M",3,60.6
712,"A","F",1,47.9
713,"A","F",2,49.1
714,"A","F",3,49.1
715,"A","M",1,64.4
716,"A","M",2,61.3
717,"A","M",3,58.3
718,"A","F",1,47.1
719,"A","F",2,53.7
720,"A","F",3,54
721,"A","M",1,39.6
722,"A","M",2,32.7
723,"A","M",3,56.4
724,"A","F",1,34.7
725,"A","F",2,50
726,"A","F",3,52.5
727,"A","M",1,55.6
728,"A","M",2,51.9
729,"A","M",3,42.7
730,"A","F",1,59.9
731,"A","F",2,67.4
732,"A","F",3,58.8
733,"A","M",1,30.6
734,"A","M",2,64
735,"A","M",3,49.4
736,"A","F",1,55.2
737,"A","F",2,56.2
738,"A","F",3,49
739,"A","M",1,49.2
740,"A","M",2,60.2
741,"A","M",3,57.1
742,"A","F",1,59.9
743,"A","F",2,73.8
744,"A","F",3,56.6
745,"A","M",1,52.1
746,"A","M",2,27.9
747,"A","M",3,76.9
748,"A","F",1,45.2
749,"A","F",2,73.7
750,"A","F",3,53.7
751,"A","M",1,65.4
752,"A","M",2,48.9
753,"A","M",3,55.1
754,"A","F",1,52.1
755,"A","F",2,48.1
756,"A","F",3,48.8
757,"A","M",1,60.1
758,"A","M",2,48
759,"A","M",3,29.6
760,"A","F",1,48
761,"A","F",2,55.4
762,"A","F",3,56.2
763,"A","M",1,56.2
764,"A","M",2,33.1
765,"A","M",3,53.7
766,"A","F",1,59.7
767,"A","F",2,62.8
768,"A","F",3,47.8
769,"A","M",1,46.8
770,"A","M",2,64.9
771,"A","M",3,33.3
772,"A","F",1,45.6
773,"A","F",2,54.6
774,"A","F",3,33.8
775,"A","M",1,52.8
776,"A","M",2,68.8
777,"A","M",3,50
778,"A","F",1,47.2
779,"A","F",2,54.7
780,"A","F",3,47.2
781,"A","M",1,58.1
782,"A","M",2,59
783,"A","M",3,50
784,"A","F",1,38.2
785,"A","F",2,36.8
786,"A","F",3,44.1
787,"A","M",1,58
788,"A","M",2,30.4
789,"A","M",3,31.1
790,"A","F",1,43.5
791,"A","F",2,53.9
792,"A","F",3,40.9
793,"A","M",1,58.9
794,"A","M",2,53.3
795,"A","M",3,48.3
796,"A","F",1,58.2
797,"A","F",2,53.9
798,"A","F",3,45.5
799,"A","M",1,52.3
800,"A","M",2,56.5
801,"A","M",3,53.6
802,"A","F",1,43.4
803,"A","F",2,58.6
804,"A","F",3,61.5
805,"A","M",1,52.8
806,"A","M",2,51.4
807,"A","M",3,49.2
808,"A","F",1,71.6
809,"A","F",2,52.8
810,"A","F",3,48.4
811,"A","M",1,24.9
812,"A","M",2,34.3
813,"A","M",3,49.2
814,"A","F",1,52.1
815,"A","F",2,52.8
816,"A","F",3,58.2
817,"A","M",1,48.1
818,"A","M",2,62.1
819,"A","M",3,40.8
820,"A","F",1,37.9
821,"A","F",2,37.7
822,"A","F",3,57.4
823,"A","M",1,49.2
824,"A","M",2,57.9
825,"A","M",3,47.3
826,"A","F",1,44.1
827,"A","F",2,46.3
828,"A","F",3,31.5
829,"A","M",1,38.3
830,"A","M",2,35.6
831,"A","M",3,60.5
832,"A","F",1,44
833,"A","F",2,57.9
834,"A","F",3,65.2
835,"A","M",1,48.1
836,"A","M",2,52.8
837,"A","M",3,32.5
838,"A","F",1,41.8
839,"A","F",2,50.6
840,"A","F",3,53
841,"A","M",1,42.4
842,"A","M",2,76.8
843,"A","M",3,45.4
844,"A","F",1,50.6
845,"A","F",2,56.5
846,"A","F",3,49.7
847,"A","M",1,43.6
848,"A","M",2,60.5
849,"A","M",3,66.2
850,"A","F",1,49.7
851,"A","F",2,55.6
852,"A","F",3,49
853,"A","M",1,60.2
854,"A","M",2,38.4
855,"A","M",3,73.2
856,"A","F",1,44
857,"A","F",2,35.4
858,"A","F",3,46.5
859,"A","M",1,51.5
860,"A","M",2,66.2
861,"A","M",3,59.1
862,"A","F",1,51.4
863,"A","F",2,36.1
864,"A","F",3,41.3
865,"A","M",1,48.4
866,"A","M",2,75.5
867,"A","M",3,31.4
868,"A","F",1,61.3
869,"A","F",2,44.7
870,"A","F",3,66.7
871,"A","M",1,38.6
872,"A","M",2,51.4
873,"A","M",3,39
874,"A","F",1,59
875,"A","F",2,64.8
876,"A","F",3,69.5
877,"A","M",1,58
878,"A","M",2,68.4
879,"A","M",3,62.5
880,"A","F",1,48.7
881,"A","F",2,54.8
882,"A","F",3,40.3
883,"A","M",1,48.1
884,"A","M",2,62.2
885,"A","M",3,55.4
886,"A","F",1,54.6
887,"A","F",2,39.6
888,"A","F",3,44
889,"A","M",1,42.4
890,"A","M",2,54
891,"A","M",3,40.1
892,"A","F",1,55.6
893,"A","F",2,38.8
894,"A","F",3,68.3
895,"A","M",1,54.6
896,"A","M",2,43
897,"A","M",3,52.4
898,"A","F",1,46.5
899,"A","F",2,53.7
900,"A","F",3,52.4
901,"A","M",1,39.9
902,"A","M",2,42.1
903,"A","M",3,53
904,"A","F",1,66.4
905,"A","F",2,60.8
906,"A","F",3,43.8
907,"A","M",1,58.3
908,"A","M",2,49.5
909,"A","M",3,53
910,"A","F",1,52.6
911,"A","F",2,75.8
912,"A","F",3,38.1
913,"A","M",1,51
914,"A","M",2,32.2
915,"A","M",3,55.9
916,"A","F",1,61
917,"A","F",2,64.5
918,"A","F",3,30.7
919,"A","M",1,54.1
920,"A","M",2,65.9
921,"A","M",3,45.9
922,"A","F",1,47.9
923,"A","F",2,49.6
924,"A","F",3,53.7
925,"A","M",1,56.7
926,"A","M",2,63.2
927,"A","M",3,49
928,"A","F",1,52
929,"A","F",2,74.9
930,"A","F",3,54.3
931,"A","M",1,51.9
932,"A","M",2,36.6
933,"A","M",3,50
934,"A","F",1,47.8
935,"A","F",2,49.9
936,"A","F",3,44.2
937,"A","M",1,43.1
938,"A","M",2,42.8
939,"A","M",3,47.9
940,"A","F",1,63.7
941,"A","F",2,60.5
942,"A","F",3,46.4
943,"A","M",1,33.1
944,"A","M",2,41.6
945,"A","M",3,45.4
946,"A","F",1,51
947,"A","F",2,43.4
948,"A","F",3,70.1
949,"A","M",1,47.3
950,"A","M",2,37.9
951,"A","M",3,48.6
952,"A","F",1,39.9
953,"A","F",2,51.6
954,"A","F",3,52.3
955,"A","M",1,53.6
956,"A","M",2,33.8
957,"A","M",3,52.2
958,"A","F",1,53.1
959,"A","F",2,35.8
960,"A","F",3,59.6
961,"A","M",1,57.8
962,"A","M",2,73
963,"A","M",3,51.6
964,"A","F",1,50.5
965,"A","F",2,51
966,"A","F",3,50.7
967,"A","M",1,31.5
968,"A","M",2,33.3
969,"A","M",3,49.2
970,"A","F",1,44.2
971,"A","F",2,50.5
972,"A","F",3,28.9
973,"A","M",1,35
974,"A","M",2,39
975,"A","M",3,59.9
976,"A","F",1,39
977,"A","F",2,42
978,"A","F",3,50.8
979,"A","M",1,46.8
980,"A","M",2,51.5
981,"A","M",3,73.1
982,"A","F",1,38.8
983,"A","F",2,46.9
984,"A","F",3,44.8
985,"A","M",1,65.1
986,"A","M",2,42.3
987,"A","M",3,49.2
988,"A","F",1,57.9
989,"A","F",2,39.4
990,"A","F",3,66.6
991,"A","M",1,56.8
992,"A","M",2,39.3
993,"A","M",3,54.5
994,"A","F",1,47.9
995,"A","F",2,53.1
996,"A","F",3,49.1
997,"A","M",1,60.7
998,"A","M",2,36.5
999,"A","M",3,44.8
1000,"A","F",1,47.5
1001,"B","F",2,92
1002,"B","F",3,92.3
1003,"B","M",1,92.8
1004,"B","M",2,77.6
1005,"B","M",3,91.8
1006,"B","F",1,80.2
1007,"B","F",2,87.9
1008,"B","F",3,91.2
1009,"B","M",1,96.4
1010,"B","M",2,100
1011,"B","M",3,90.1
1012,"B","F",1,90.7
1013,"B","F",2,99.1
1014,"B","F",3,100
1015,"B","M",1,75.3
1016,"B","M",2,94.4
1017,"B","M",3,82.1
1018,"B","F",1,89.5
1019,"B","F",2,84.7
1020,"B","F",3,91.2
1021,"B","M",1,100
1022,"B","M",2,100
1023,"B","M",3,98.2
1024,"B","F",1,96.9
1025,"B","F",2,93.4
1026,"B","F",3,81.5
1027,"B","M",1,85.9
1028,"B","M",2,84.6
1029,"B","M",3,86.6
1030,"B","F",1,95
1031,"B","F",2,80.3
1032,"B","F",3,90.6
1033,"B","M",1,100
1034,"B","M",2,86
1035,"B","M",3,100
1036,"B","F",1,74
1037,"B","F",2,84.9
1038,"B","F",3,92.4
1039,"B","M",1,68.2
1040,"B","M",2,92.2
1041,"B","M",3,76.9
1042,"B","F",1,84.1
1043,"B","F",2,91
1044,"B","F",3,95.1
1045,"B","M",1,89
1046,"B","M",2,84.5
1047,"B","M",3,79.2
1048,"B","F",1,96.1
1049,"B","F",2,96
1050,"B","F",3,88.3
1051,"B","M",1,85.1
1052,"B","M",2,96.1
1053,"B","M",3,100
1054,"B","F",1,87.6
1055,"B","F",2,100
1056,"B","F",3,81.2
1057,"B","M",1,90
1058,"B","M",2,87
1059,"B","M",3,98.3
1060,"B","F",1,90.1
1061,"B","F",2,78.4
1062,"B","F",3,86
1063,"B","M",1,88.5
1064,"B","M",2,92.5
1065,"B","M",3,80.1
1066,"B","F",1,89.9
1067,"B","F",2,88.3
1068,"B","F",3,93.5
1069,"B","M",1,82.2
1070,"B","M",2,96.7
1071,"B","M",3,93.6
1072,"B","F",1,100
1073,"B","F",2,78.2
1074,"B","F",3,71.3
1075,"B","M",1,79.6
1076,"B","M",2,93
1077,"B","M",3,90.6
1078,"B","F",1,95.2
1079,"B","F",2,91.4
1080,"B","F",3,100
1081,"B","M",1,91.4
1082,"B","M",2,100
1083,"B","M",3,84.4
1084,"B","F",1,100
1085,"B","F",2,100
1086,"B","F",3,87.7
1087,"B","M",1,93.5
1088,"B","M",2,89.5
1089,"B","M",3,90.1
1090,"B","F",1,82.1
1091,"B","F",2,89.2
1092,"B","F",3,80.8
1093,"B","M",1,97.8
1094,"B","M",2,95.7
1095,"B","M",3,100
1096,"B","F",1,93.7
1097,"B","F",2,100
1098,"B","F",3,97.3
1099,"B","M",1,77.5
1100,"B","M",2,76.6
1101,"B","M",3,85.3
1102,"B","F",1,89.4
1103,"B","F",2,98.7
1104,"B","F",3,100
1105,"B","M",1,76.8
1106,"B","M",2,90.3
1107,"B","M",3,88.6
1108,"B","F",1,82.3
1109,"B","F",2,77.1
1110,"B","F",3,84.4
1111,"B","M",1,95.6
1112,"B","M",2,100
1113,"B","M",3,82.2
1114,"B","F",1,83.1
1115,"B","F",2,100
1116,"B","F",3,83.5
1117,"B","M",1,82.2
1118,"B","M",2,86.4
1119,"B","M",3,89
1120,"B","F",1,86.6
1121,"B","F",2,100
1122,"B","F",3,87.3
1123,"B","M",1,80.7
1124,"B","M",2,90.5
1125,"B","M",3,93.7
1126,"B","F",1,100
1127,"B","F",2,98.6
1128,"B","F",3,80
1129,"B","M",1,82.4
1130,"B","M",2,95.1
1131,"B","M",3,69.8
1132,"B","F",1,100
1133,"B","F",2,100
1134,"B","F",3,78.9
1135,"B","M",1,76.7
1136,"B","M",2,97.4
1137,"B","M",3,95.3
1138,"B","F",1,83.3
1139,"B","F",2,74.8
1140,"B","F",3,95
1141,"B","M",1,100
1142,"B","M",2,79.9
1143,"B","M",3,78.3
1144,"B","F",1,87.2
1145,"B","F",2,78.6
1146,"B","F",3,95.4
1147,"B","M",1,96.5
1148,"B","M",2,93
1149,"B","M",3,93.9
1150,"B","F",1,89.7
1151,"B","F",2,88.9
1152,"B","F",3,90.1
1153,"B","M",1,80.2
1154,"B","M",2,100
1155,"B","M",3,76.7
1156,"B","F",1,88.6
1157,"B","F",2,81.1
1158,"B","F",3,91.7
1159,"B","M",1,95.3
1160,"B","M",2,100
1161,"B","M",3,91.4
1162,"B","F",1,100
1163,"B","F",2,87
1164,"B","F",3,100
1165,"B","M",1,85
1166,"B","M",2,90.7
1167,"B","M",3,89
1168,"B","F",1,84.5
1169,"B","F",2,79.9
1170,"B","F",3,100
1171,"B","M",1,73.6
1172,"B","M",2,79.3
1173,"B","M",3,98.1
1174,"B","F",1,85.7
1175,"B","F",2,89.8
1176,"B","F",3,86.7
1177,"B","M",1,84.1
1178,"B","M",2,86.5
1179,"B","M",3,96.9
1180,"B","F",1,85.3
1181,"B","F",2,88.8
1182,"B","F",3,90.6
1183,"B","M",1,90.9
1184,"B","M",2,82.5
1185,"B","M",3,100
1186,"B","F",1,79.5
1187,"B","F",2,92.7
1188,"B","F",3,89
1189,"B","M",1,90
1190,"B","M",2,84.5
1191,"B","M",3,62.9
1192,"B","F",1,91.9
1193,"B","F",2,91.1
1194,"B","F",3,88.5
1195,"B","M",1,97.5
1196,"B","M",2,100
1197,"B","M",3,91
1198,"B","F",1,94.6
1199,"B","F",2,79.6
1200,"B","F",3,86.7
1201,"B","M",1,80.4
1202,"B","M",2,78.1
1203,"B","M",3,96.4
1204,"B","F",1,97.1
1205,"B","F",2,100
1206,"B","F",3,93.1
1207,"B","M",1,86.9
1208,"B","M",2,91.7
1209,"B","M",3,79.1
1210,"B","F",1,100
1211,"B","F",2,100
1212,"B","F",3,91.3
1213,"B","M",1,100
1214,"B","M",2,92.9
1215,"B","M",3,100
1216,"B","F",1,100
1217,"B","F",2,87.7
1218,"B","F",3,100
1219,"B","M",1,91
1220,"B","M",2,85.9
1221,"B","M",3,84.5
1222,"B","F",1,78.9
1223,"B","F",2,73.9
1224,"B","F",3,90.7
1225,"B","M",1,96
1226,"B","M",2,95.1
1227,"B","M",3,78.3
1228,"B","F",1,99.8
1229,"B","F",2,79.7
1230,"B","F",3,90.3
1231,"B","M",1,92.8
1232,"B","M",2,92.2
1233,"B","M",3,86.8
1234,"B","F",1,98.6
1235,"B","F",2,100
1236,"B","F",3,86.8
1237,"B","M",1,81.3
1238,"B","M",2,93
1239,"B","M",3,90.3
1240,"B","F",1,95.3
1241,"B","F",2,71.7
1242,"B","F",3,86.2
1243,"B","M",1,59.5
1244,"B","M",2,81.4
1245,"B","M",3,87.1
1246,"B","F",1,80.1
1247,"B","F",2,86.8
1248,"B","F",3,78.8
1249,"B","M",1,74.8
1250,"B","M",2,95.3
1251,"B","M",3,84.8
1252,"B","F",1,94
1253,"B","F",2,69.6
1254,"B","F",3,88.2
1255,"B","M",1,96.2
1256,"B","M",2,97.7
1257,"B","M",3,92.6
1258,"B","F",1,96.4
1259,"B","F",2,100
1260,"B","F",3,92.9
1261,"B","M",1,99
1262,"B","M",2,78
1263,"B","M",3,97.6
1264,"B","F",1,80.4
1265,"B","F",2,63.9
1266,"B","F",3,100
1267,"B","M",1,100
1268,"B","M",2,93.5
1269,"B","M",3,87.9
1270,"B","F",1,83.3
1271,"B","F",2,85.4
1272,"B","F",3,100
1273,"B","M",1,71.1
1274,"B","M",2,77.1
1275,"B","M",3,85.4
1276,"B","F",1,90.3
1277,"B","F",2,87.7
1278,"B","F",3,95.2
1279,"B","M",1,77.9
1280,"B","M",2,70.9
1281,"B","M",3,90.5
1282,"B","F",1,83.3
1283,"B","F",2,100
1284,"B","F",3,84.5
1285,"B","M",1,91.5
1286,"B","M",2,88.9
1287,"B","M",3,74.9
1288,"B","F",1,91
1289,"B","F",2,96.7
1290,"B","F",3,75.7
1291,"B","M",1,94
1292,"B","M",2,90.3
1293,"B","M",3,94.2
1294,"B","F",1,83.5
1295,"B","F",2,74.6
1296,"B","F",3,90.7
1297,"B","M",1,94.8
1298,"B","M",2,93.5
1299,"B","M",3,91.1
1300,"B","F",1,86.3
1301,"B","F",2,88.9
1302,"B","F",3,90.1
1303,"B","M",1,93.2
1304,"B","M",2,95.7
1305,"B","M",3,81.3
1306,"B","F",1,90.1
1307,"B","F",2,100
1308,"B","F",3,90.5
1309,"B","M",1,100
1310,"B","M",2,89.1
1311,"B","M",3,100
1312,"B","F",1,100
1313,"B","F",2,70.4
1314,"B","F",3,100
1315,"B","M",1,79
1316,"B","M",2,91.2
1317,"B","M",3,78
1318,"B","F",1,100
1319,"B","F",2,96.5
1320,"B","F",3,100
1321,"B","M",1,79.9
1322,"B","M",2,86
1323,"B","M",3,84.6
1324,"B","F",1,92.1
1325,"B","F",2,63.6
1326,"B","F",3,86.2
1327,"B","M",1,87.1
1328,"B","M",2,90.9
1329,"B","M",3,99.2
1330,"B","F",1,79.3
1331,"B","F",2,84.5
1332,"B","F",3,94.1
1333,"B","M",1,86.1
1334,"B","M",2,100
1335,"B","M",3,85.7
1336,"B","F",1,86.7
1337,"B","F",2,75.2
1338,"B","F",3,94
1339,"B","M",1,87
1340,"B","M",2,87.4
1341,"B","M",3,84.4
1342,"B","F",1,73.4
1343,"B","F",2,82.3
1344,"B","F",3,82.5
1345,"B","M",1,87.7
1346,"B","M",2,59.4
1347,"B","M",3,88
1348,"B","F",1,100
1349,"B","F",2,100
1350,"B","F",3,98.1
1351,"B","M",1,100
1352,"B","M",2,79.5
1353,"B","M",3,91.6
1354,"B","F",1,84
1355,"B","F",2,95.8
1356,"B","F",3,98.7
1357,"B","M",1,76.8
1358,"B","M",2,84.5
1359,"B","M",3,100
1360,"B","F",1,76.4
1361,"B","F",2,82.5
1362,"B","F",3,97.4
1363,"B","M",1,93
1364,"B","M",2,88.1
1365,"B","M",3,85.8
1366,"B","F",1,85.6
1367,"B","F",2,80.7
1368,"B","F",3,91.4
1369,"B","M",1,98.4
1370,"B","M",2,96.3
1371,"B","M",3,86.5
1372,"B","F",1,91.8
1373,"B","F",2,80.2
1374,"B","F",3,96.5
1375,"B","M",1,93.3
1376,"B","M",2,86.6
1377,"B","M",3,77
1378,"B","F",1,84.8
1379,"B","F",2,76.9
1380,"B","F",3,89.5
1381,"B","M",1,85.4
1382,"B","M",2,79.3
1383,"B","M",3,97.4
1384,"B","F",1,78
1385,"B","F",2,83.6
1386,"B","F",3,96.7
1387,"B","M",1,100
1388,"B","M",2,81.9
1389,"B","M",3,85.1
1390,"B","F",1,86.1
1391,"B","F",2,100
1392,"B","F",3,100
1393,"B","M",1,91.1
1394,"B","M",2,93.4
1395,"B","M",3,88.5
1396,"B","F",1,78.1
1397,"B","F",2,100
1398,"B","F",3,100
1399,"B","M",1,93.6
1400,"B","M",2,93.5
1401,"B","M",3,100
1402,"B","F",1,85.2
1403,"B","F",2,71.7
1404,"B","F",3,100
1405,"B","M",1,82.8
1406,"B","M",2,90.4
1407,"B","M",3,97.5
1408,"B","F",1,88.1
1409,"B","F",2,83.9
1410,"B","F",3,82.9
1411,"B","M",1,97.8
1412,"B","M",2,78.9
1413,"B","M",3,86.7
1414,"B","F",1,70.7
1415,"B","F",2,89.4
1416,"B","F",3,92
1417,"B","M",1,96.8
1418,"B","M",2,84.3
1419,"B","M",3,84.5
1420,"B","F",1,90
1421,"B","F",2,91.2
1422,"B","F",3,83.9
1423,"B","M",1,79.7
1424,"B","M",2,96.9
1425,"B","M",3,94.8
1426,"B","F",1,82.8
1427,"B","F",2,99.1
1428,"B","F",3,100
1429,"B","M",1,81.8
1430,"B","M",2,96.7
1431,"B","M",3,76.5
1432,"B","F",1,100
1433,"B","F",2,96.2
1434,"B","F",3,70.5
1435,"B","M",1,85.9
1436,"B","M",2,80.7
1437,"B","M",3,89.1
1438,"B","F",1,87.9
1439,"B","F",2,61.8
1440,"B","F",3,85.3
1441,"B","M",1,92.8
1442,"B","M",2,74
1443,"B","M",3,82.6
1444,"B","F",1,86.9
1445,"B","F",2,79.5
1446,"B","F",3,90.4
1447,"B","M",1,86.1
1448,"B","M",2,100
1449,"B","M",3,89.4
1450,"B","F",1,67.7
1451,"B","F",2,95.9
1452,"B","F",3,92.1
1453,"B","M",1,84.8
1454,"B","M",2,73.4
1455,"B","M",3,89.5
1456,"B","F",1,95.7
1457,"B","F",2,97.2
1458,"B","F",3,87.2
1459,"B","M",1,93.1
1460,"B","M",2,60.5
1461,"B","M",3,74.8
1462,"B","F",1,97.2
1463,"B","F",2,69.7
1464,"B","F",3,80.4
1465,"B","M",1,99.4
1466,"B","M",2,95.3
1467,"B","M",3,100
1468,"B","F",1,65.6
1469,"B","F",2,100
1470,"B","F",3,91
1471,"B","M",1,84.6
1472,"B","M",2,88.5
1473,"B","M",3,98.2
1474,"B","F",1,100
1475,"B","F",2,71.6
1476,"B","F",3,93.1
1477,"B","M",1,85.8
1478,"B","M",2,95.6
1479,"B","M",3,100
1480,"B","F",1,74
1481,"B","F",2,90.7
1482,"B","F",3,99.4
1483,"B","M",1,100
1484,"B","M",2,85.9
1485,"B","M",3,81.6
1486,"B","F",1,90.8
1487,"B","F",2,100
1488,"B","F",3,93.5
1489,"B","M",1,73.5
1490,"B","M",2,93.8
1491,"B","M",3,78.5
1492,"B","F",1,100
1493,"B","F",2,71.3
1494,"B","F",3,95.3
1495,"B","M",1,100
1496,"B","M",2,100
1497,"B","M",3,85.3
1498,"B","F",1,85.2
1499,"B","F",2,89.9
1500,"B","F",3,81
1501,"B","M",1,86.4
1502,"B","M",2,87.9
1503,"B","M",3,83.7
1504,"B","F",1,80.3
1505,"B","F",2,75.1
1506,"B","F",3,89.9
1507,"B","M",1,88.3
1508,"B","M",2,100
1509,"B","M",3,87.6
1510,"B","F",1,96.8
1511,"B","F",2,90.8
1512,"B","F",3,88.9
1513,"B","M",1,84.9
1514,"B","M",2,85.9
1515,"B","M",3,100
1516,"B","F",1,95.5
1517,"B","F",2,88.4
1518,"B","F",3,100
1519,"B","M",1,83.1
1520,"B","M",2,79.1
1521,"B","M",3,100
1522,"B","F",1,58.1
1523,"B","F",2,99.1
1524,"B","F",3,100
1525,"B","M",1,84.6
1526,"B","M",2,95
1527,"B","M",3,100
1528,"B","F",1,81.7
1529,"B","F",2,90.4
1530,"B","F",3,71.2
1531,"B","M",1,91.9
1532,"B","M",2,99.8
1533,"B","M",3,85.5
1534,"B","F",1,100
1535,"B","F",2,96.6
1536,"B","F",3,91.9
1537,"B","M",1,89.4
1538,"B","M",2,97.5
1539,"B","M",3,100
1540,"B","F",1,84.7
1541,"B","F",2,100
1542,"B","F",3,100
1543,"B","M",1,100
1544,"B","M",2,75.1
1545,"B","M",3,89.5
1546,"B","F",1,80.7
1547,"B","F",2,92.9
1548,"B","F",3,100
1549,"B","M",1,80.9
1550,"B","M",2,70.2
1551,"B","M",3,100
1552,"B","F",1,100
1553,"B","F",2,72.2
1554,"B","F",3,80.1
1555,"B","M",1,90.5
1556,"B","M",2,92.1
1557,"B","M",3,80.3
1558,"B","F",1,88.9
1559,"B","F",2,94.7
1560,"B","F",3,72
1561,"B","M",1,97.4
1562,"B","M",2,92.3
1563,"B","M",3,75
1564,"B","F",1,100
1565,"B","F",2,81
1566,"B","F",3,72.5
1567,"B","M",1,89.8
1568,"B","M",2,93.8
1569,"B","M",3,90.6
1570,"B","F",1,99.9
1571,"B","F",2,97.1
1572,"B","F",3,87
1573,"B","M",1,70.5
1574,"B","M",2,77.9
1575,"B","M",3,94
1576,"B","F",1,94.1
1577,"B","F",2,99.8
1578,"B","F",3,79.3
1579,"B","M",1,95.5
1580,"B","M",2,100
1581,"B","M",3,92.2
1582,"B","F",1,75
1583,"B","F",2,96.9
1584,"B","F",3,85.3
1585,"B","M",1,84.7
1586,"B","M",2,75.8
1587,"B","M",3,100
1588,"B","F",1,100
1589,"B","F",2,79.5
1590,"B","F",3,89.9
1591,"B","M",1,77.8
1592,"B","M",2,84
1593,"B","M",3,92.3
1594,"B","F",1,88.7
1595,"B","F",2,85
1596,"B","F",3,100
1597,"B","M",1,100
1598,"B","M",2,82.2
1599,"B","M",3,78.4
1600,"B","F",1,100
1601,"B","F",2,100
1602,"B","F",3,100
1603,"B","M",1,84.4
1604,"B","M",2,100
1605,"B","M",3,86
1606,"B","F",1,83.1
1607,"B","F",2,94.9
1608,"B","F",3,89.7
1609,"B","M",1,90.8
1610,"B","M",2,83.4
1611,"B","M",3,81.3
1612,"B","F",1,88.9
1613,"B","F",2,94.9
1614,"B","F",3,79.1
1615,"B","M",1,94.7
1616,"B","M",2,90.5
1617,"B","M",3,80.1
1618,"B","F",1,96.4
1619,"B","F",2,76.3
1620,"B","F",3,90.7
1621,"B","M",1,79.4
1622,"B","M",2,77
1623,"B","M",3,100
1624,"B","F",1,99.9
1625,"B","F",2,89.6
1626,"B","F",3,73
1627,"B","M",1,87.7
1628,"B","M",2,95.7
1629,"B","M",3,100
1630,"B","F",1,100
1631,"B","F",2,87.3
1632,"B","F",3,100
1633,"B","M",1,92.3
1634,"B","M",2,79.5
1635,"B","M",3,92.1
1636,"B","F",1,88
1637,"B","F",2,83
1638,"B","F",3,80
1639,"B","M",1,84
1640,"B","M",2,100
1641,"B","M",3,92.3
1642,"B","F",1,95.2
1643,"B","F",2,100
1644,"B","F",3,80.6
1645,"B","M",1,74.7
1646,"B","M",2,87.8
1647,"B","M",3,96.5
1648,"B","F",1,89.6
1649,"B","F",2,100
1650,"B","F",3,81
1651,"B","M",1,99.6
1652,"B","M",2,82.7
1653,"B","M",3,85.8
1654,"B","F",1,95.1
1655,"B","F",2,88.6
1656,"B","F",3,85.3
1657,"B","M",1,94.3
1658,"B","M",2,80.4
1659,"B","M",3,75.8
1660,"B","F",1,100
1661,"B","F",2,93.9
1662,"B","F",3,87.3
1663,"B","M",1,94.6
1664,"B","M",2,86.3
1665,"B","M",3,100
1666,"B","F",1,92.3
1667,"B","F",2,85.1
1668,"B","F",3,91.6
1669,"B","M",1,87.1
1670,"B","M",2,77.8
1671,"B","M",3,86
1672,"B","F",1,94
1673,"B","F",2,78.7
1674,"B","F",3,80
1675,"B","M",1,96
1676,"B","M",2,88.3
1677,"B","M",3,99.9
1678,"B","F",1,100
1679,"B","F",2,78.7
1680,"B","F",3,100
1681,"B","M",1,100
1682,"B","M",2,87.7
1683,"B","M",3,78
1684,"B","F",1,90.3
1685,"B","F",2,95.7
1686,"B","F",3,83.8
1687,"B","M",1,100
1688,"B","M",2,83.7
1689,"B","M",3,79.1
1690,"B","F",1,85.8
1691,"B","F",2,83
1692,"B","F",3,89.1
1693,"B","M",1,100
1694,"B","M",2,88.9
1695,"B","M",3,92.3
1696,"B","F",1,92.2
1697,"B","F",2,91.1
1698,"B","F",3,90.1
1699,"B","M",1,89.5
1700,"B","M",2,97.8
1701,"B","M",3,79.7
1702,"B","F",1,78.1
1703,"B","F",2,100
1704,"B","F",3,96.6
1705,"B","M",1,85.8
1706,"B","M",2,100
1707,"B","M",3,85.8
1708,"B","F",1,100
1709,"B","F",2,90.2
1710,"B","F",3,92.2
1711,"B","M",1,79.3
1712,"B","M",2,100
1713,"B","M",3,89.4
1714,"B","F",1,87.9
1715,"B","F",2,81.5
1716,"B","F",3,84.5
1717,"B","M",1,84.1
1718,"B","M",2,75.3
1719,"B","M",3,91.5
1720,"B","F",1,93.8
1721,"B","F",2,96.2
1722,"B","F",3,89.9
1723,"B","M",1,85.2
1724,"B","M",2,99.7
1725,"B","M",3,88
1726,"B","F",1,81.3
1727,"B","F",2,87.7
1728,"B","F",3,89.7
1729,"B","M",1,75.1
1730,"B","M",2,77.4
1731,"B","M",3,97.2
1732,"B","F",1,97.4
1733,"B","F",2,98
1734,"B","F",3,92.3
1735,"B","M",1,88.3
1736,"B","M",2,100
1737,"B","M",3,85.6
1738,"B","F",1,88.7
1739,"B","F",2,75.8
1740,"B","F",3,98.3
1741,"B","M",1,81.1
1742,"B","M",2,70.9
1743,"B","M",3,82.6
1744,"B","F",1,79.7
1745,"B","F",2,79.1
1746,"B","F",3,96.6
1747,"B","M",1,98.9
1748,"B","M",2,74.4
1749,"B","M",3,100
1750,"B","F",1,76.5
1751,"B","F",2,72.8
1752,"B","F",3,86.7
1753,"B","M",1,82.5
1754,"B","M",2,97.2
1755,"B","M",3,95.2
1756,"B","F",1,100
1757,"B","F",2,100
1758,"B","F",3,91.8
1759,"B","M",1,84.8
1760,"B","M",2,96.6
1761,"B","M",3,93.7
1762,"B","F",1,83.3
1763,"B","F",2,87.3
1764,"B","F",3,90
1765,"B","M",1,98.9
1766,"B","M",2,95.8
1767,"B","M",3,98.3
1768,"B","F",1,84.1
1769,"B","F",2,81.4
1770,"B","F",3,85.6
1771,"B","M",1,100
1772,"B","M",2,90.5
1773,"B","M",3,94.4
1774,"B","F",1,100
1775,"B","F",2,89.1
1776,"B","F",3,90.7
1777,"B","M",1,91.1
1778,"B","M",2,96.5
1779,"B","M",3,74.2
1780,"B","F",1,71.3
1781,"B","F",2,93.2
1782,"B","F",3,72.4
1783,"B","M",1,87.5
1784,"B","M",2,91.8
1785,"B","M",3,84.6
1786,"B","F",1,76
1787,"B","F",2,100
1788,"B","F",3,91.4
1789,"B","M",1,71.6
1790,"B","M",2,78.3
1791,"B","M",3,86.4
1792,"B","F",1,83.8
1793,"B","F",2,60.4
1794,"B","F",3,94.4
1795,"B","M",1,100
1796,"B","M",2,92
1797,"B","M",3,97.2
1798,"B","F",1,80.7
1799,"B","F",2,90.2
1800,"B","F",3,81.7
1801,"B","M",1,84.2
1802,"B","M",2,100
1803,"B","M",3,100
1804,"B","F",1,85.1
1805,"B","F",2,91.8
1806,"B","F",3,87.3
1807,"B","M",1,90.8
1808,"B","M",2,86.4
1809,"B","M",3,95.7
1810,"B","F",1,95.1
1811,"B","F",2,81.7
1812,"B","F",3,100
1813,"B","M",1,77.6
1814,"B","M",2,100
1815,"B","M",3,82.8
1816,"B","F",1,81.3
1817,"B","F",2,94.9
1818,"B","F",3,100
1819,"B","M",1,98.4
1820,"B","M",2,97.4
1821,"B","M",3,70.9
1822,"B","F",1,96.9
1823,"B","F",2,100
1824,"B","F",3,100
1825,"B","M",1,89.3
1826,"B","M",2,65.4
1827,"B","M",3,90.4
1828,"B","F",1,83.3
1829,"B","F",2,89.6
1830,"B","F",3,94.1
1831,"B","M",1,82.5
1832,"B","M",2,94
1833,"B","M",3,89.1
1834,"B","F",1,88
1835,"B","F",2,89
1836,"B","F",3,92.4
1837,"B","M",1,89.8
1838,"B","M",2,90.9
1839,"B","M",3,98.6
1840,"B","F",1,85.6
1841,"B","F",2,100
1842,"B","F",3,77.9
1843,"B","M",1,100
1844,"B","M",2,82.2
1845,"B","M",3,96.3
1846,"B","F",1,82.6
1847,"B","F",2,89.6
1848,"B","F",3,76.5
1849,"B","M",1,100
1850,"B","M",2,79.1
1851,"B","M",3,94.9
1852,"B","F",1,78.2
1853,"B","F",2,86.9
1854,"B","F",3,85.6
1855,"B","M",1,75.6
1856,"B","M",2,72.2
1857,"B","M",3,72.3
1858,"B","F",1,90.9
1859,"B","F",2,77.6
1860,"B","F",3,100
1861,"B","M",1,100
1862,"B","M",2,82.6
1863,"B","M",3,86.2
1864,"B","F",1,78.1
1865,"B","F",2,73.1
1866,"B","F",3,98.2
1867,"B","M",1,79.3
1868,"B","M",2,100
1869,"B","M",3,93
1870,"B","F",1,98.2
1871,"B","F",2,94
1872,"B","F",3,97.1
1873,"B","M",1,86.5
1874,"B","M",2,85
1875,"B","M",3,89.9
1876,"B","F",1,94.5
1877,"B","F",2,78.3
1878,"B","F",3,94.8
1879,"B","M",1,94.8
1880,"B","M",2,100
1881,"B","M",3,89.2
1882,"B","F",1,70.3
1883,"B","F",2,90.8
1884,"B","F",3,89.9
1885,"B","M",1,96.9
1886,"B","M",2,100
1887,"B","M",3,84.4
1888,"B","F",1,89.6
1889,"B","F",2,99.6
1890,"B","F",3,98.6
1891,"B","M",1,83.4
1892,"B","M",2,87.8
1893,"B","M",3,78.9
1894,"B","F",1,77.3
1895,"B","F",2,93.6
1896,"B","F",3,91.4
1897,"B","M",1,97
1898,"B","M",2,77.1
1899,"B","M",3,97.4
1900,"B","F",1,83.9
1901,"B","F",2,84.8
1902,"B","F",3,100
1903,"B","M",1,91
1904,"B","M",2,100
1905,"B","M",3,100
1906,"B","F",1,94.8
1907,"B","F",2,100
1908,"B","F",3,100
1909,"B","M",1,82.3
1910,"B","M",2,100
1911,"B","M",3,94.6
1912,"B","F",1,92.6
1913,"B","F",2,78.5
1914,"B","F",3,81.3
1915,"B","M",1,88
1916,"B","M",2,79.5
1917,"B","M",3,89.6
1918,"B","F",1,100
1919,"B","F",2,85.2
1920,"B","F",3,100
1921,"B","M",1,78.2
1922,"B","M",2,85.4
1923,"B","M",3,100
1924,"B","F",1,100
1925,"B","F",2,94.3
1926,"B","F",3,100
1927,"B","M",1,100
1928,"B","M",2,100
1929,"B","M",3,90.9
1930,"B","F",1,98.2
1931,"B","F",2,86.5
1932,"B","F",3,100
1933,"B","M",1,87.6
1934,"B","M",2,79.1
1935,"B","M",3,95.6
1936,"B","F",1,92.6
1937,"B","F",2,99
1938,"B","F",3,87.9
1939,"B","M",1,98.2
1940,"B","M",2,86.1
1941,"B","M",3,82
1942,"B","F",1,93.7
1943,"B","F",2,81.4
1944,"B","F",3,98.5
1945,"B","M",1,97.9
1946,"B","M",2,99.8
1947,"B","M",3,70.6
1948,"B","F",1,100
1949,"B","F",2,79.5
1950,"B","F",3,69.9
1951,"B","M",1,96.9
1952,"B","M",2,91.4
1953,"B","M",3,89.5
1954,"B","F",1,95.2
1955,"B","F",2,78.2
1956,"B","F",3,93.5
1957,"B","M",1,88.6
1958,"B","M",2,80.6
1959,"B","M",3,73.7
1960,"B","F",1,91.2
1961,"B","F",2,77.9
1962,"B","F",3,96.2
1963,"B","M",1,82.9
1964,"B","M",2,69.4
1965,"B","M",3,96.5
1966,"B","F",1,98.3
1967,"B","F",2,80.5
1968,"B","F",3,98.8
1969,"B","M",1,92.9
1970,"B","M",2,88.5
1971,"B","M",3,83.6
1972,"B","F",1,88.3
1973,"B","F",2,76.2
1974,"B","F",3,80.3
1975,"B","M",1,100
1976,"B","M",2,91.5
1977,"B","M",3,85.3
1978,"B","F",1,100
1979,"B","F",2,96
1980,"B","F",3,95.7
1981,"B","M",1,90.9
1982,"B","M",2,100
1983,"B","M",3,100
1984,"B","F",1,96
1985,"B","F",2,94.6
1986,"B","F",3,100
1987,"B","M",1,86.6
1988,"B","M",2,100
1989,"B","M",3,100
1990,"B","F",1,87.5
1991,"B","F",2,98.2
1992,"B","F",3,81.4
1993,"B","M",1,92.9
1994,"B","M",2,80.6
1995,"B","M",3,87.6
1996,"B","F",1,85.9
1997,"B","F",2,91.6
1998,"B","F",3,100
1999,"B","M",1,72.1
2000,"B","M",2,81.8
2001,"C","M",3,100
2002,"C","F",1,100
2003,"C","F",2,89.7
2004,"C","F",3,89.9
2005,"C","M",1,79.9
2006,"C","M",2,91.2
2007,"C","M",3,93.3
2008,"C","F",1,100
2009,"C","F",2,100
2010,"C","F",3,84.6
2011,"C","M",1,95.4
2012,"C","M",2,81.1
2013,"C","M",3,66.7
2014,"C","F",1,85.1
2015,"C","F",2,90.5
2016,"C","F",3,89.8
2017,"C","M",1,76.6
2018,"C","M",2,75.8
2019,"C","M",3,74
2020,"C","F",1,73.5
2021,"C","F",2,83.1
2022,"C","F",3,93.1
2023,"C","M",1,86.5
2024,"C","M",2,78
2025,"C","M",3,83.9
2026,"C","F",1,77.7
2027,"C","F",2,87.8
2028,"C","F",3,92.7
2029,"C","M",1,96.1
2030,"C","M",2,83.4
2031,"C","M",3,74.1
2032,"C","F",1,89.7
2033,"C","F",2,96.1
2034,"C","F",3,85.3
2035,"C","M",1,98
2036,"C","M",2,99.5
2037,"C","M",3,98.8
2038,"C","F",1,77
2039,"C","F",2,100
2040,"C","F",3,98.8
2041,"C","M",1,100
2042,"C","M",2,89.1
2043,"C","M",3,100
2044,"C","F",1,96.9
2045,"C","F",2,83.5
2046,"C","F",3,90.6
2047,"C","M",1,79.6
2048,"C","M",2,89.9
2049,"C","M",3,79.3
2050,"C","F",1,86.1
2051,"C","F",2,80.4
2052,"C","F",3,93.3
2053,"C","M",1,100
2054,"C","M",2,77.2
2055,"C","M",3,75
2056,"C","F",1,100
2057,"C","F",2,100
2058,"C","F",3,86.3
2059,"C","M",1,77.5
2060,"C","M",2,95.7
2061,"C","M",3,100
2062,"C","F",1,98.7
2063,"C","F",2,79.3
2064,"C","F",3,88.6
2065,"C","M",1,90.9
2066,"C","M",2,100
2067,"C","M",3,69.1
2068,"C","F",1,77.9
2069,"C","F",2,69.6
2070,"C","F",3,100
2071,"C","M",1,85.8
2072,"C","M",2,94.3
2073,"C","M",3,93.9
2074,"C","F",1,93.7
2075,"C","F",2,83.8
2076,"C","F",3,85.8
2077,"C","M",1,81.1
2078,"C","M",2,69.3
2079,"C","M",3,64.9
2080,"C","F",1,100
2081,"C","F",2,94.2
2082,"C","F",3,100
2083,"C","M",1,91
2084,"C","M",2,89.8
2085,"C","M",3,83.5
2086,"C","F",1,100
2087,"C","F",2,90.1
2088,"C","F",3,78.8
2089,"C","M",1,89
2090,"C","M",2,95
2091,"C","M",3,100
2092,"C","F",1,84.2
2093,"C","F",2,73.9
2094,"C","F",3,89
2095,"C","M",1,80.7
2096,"C","M",2,87.7
2097,"C","M",3,83.1
2098,"C","F",1,83.2
2099,"C","F",2,96
2100,"C","F",3,90.4
2101,"C","M",1,71
2102,"C","M",2,100
2103,"C","M",3,89.1
2104,"C","F",1,100
2105,"C","F",2,90
2106,"C","F",3,80
2107,"C","M",1,100
2108,"C","M",2,95.7
2109,"C","M",3,94.6
2110,"C","F",1,85.4
2111,"C","F",2,92.6
2112,"C","F",3,97.4
2113,"C","M",1,98.4
2114,"C","M",2,80.4
2115,"C","M",3,97.7
2116,"C","F",1,85.7
2117,"C","F",2,94.8
2118,"C","F",3,82.8
2119,"C","M",1,85
2120,"C","M",2,67.2
2121,"C","M",3,88.3
2122,"C","F",1,84.8
2123,"C","F",2,84.7
2124,"C","F",3,100
2125,"C","M",1,89.5
2126,"C","M",2,83
2127,"C","M",3,70.5
2128,"C","F",1,100
2129,"C","F",2,84.4
2130,"C","F",3,74.3
2131,"C","M",1,69.5
2132,"C","M",2,68.2
2133,"C","M",3,66.8
2134,"C","F",1,70.5
2135,"C","F",2,100
2136,"C","F",3,80.9
2137,"C","M",1,83.4
2138,"C","M",2,100
2139,"C","M",3,97.1
2140,"C","F",1,70.9
2141,"C","F",2,74.2
2142,"C","F",3,98.9
2143,"C","M",1,79.1
2144,"C","M",2,78
2145,"C","M",3,92.4
2146,"C","F",1,93.1
2147,"C","F",2,84.2
2148,"C","F",3,100
2149,"C","M",1,87.1
2150,"C","M",2,97.4
2151,"C","M",3,83.4
2152,"C","F",1,85.7
2153,"C","F",2,87.8
2154,"C","F",3,85.3
2155,"C","M",1,84.9
2156,"C","M",2,83.6
2157,"C","M",3,86.6
2158,"C","F",1,87.3
2159,"C","F",2,67.3
2160,"C","F",3,95.3
2161,"C","M",1,100
2162,"C","M",2,91.6
2163,"C","M",3,94.9
2164,"C","F",1,79.9
2165,"C","F",2,98.8
2166,"C","F",3,76.3
2167,"C","M",1,88.7
2168,"C","M",2,64.4
2169,"C","M",3,93.7
2170,"C","F",1,82.1
2171,"C","F",2,100
2172,"C","F",3,84
2173,"C","M",1,95.1
2174,"C","M",2,100
2175,"C","M",3,78.7
2176,"C","F",1,93.5
2177,"C","F",2,86.6
2178,"C","F",3,100
2179,"C","M",1,85.5
2180,"C","M",2,75.2
2181,"C","M",3,99.8
2182,"C","F",1,77.9
2183,"C","F",2,100
2184,"C","F",3,86
2185,"C","M",1,91.1
2186,"C","M",2,76.4
2187,"C","M",3,88.6
2188,"C","F",1,88.8
2189,"C","F",2,85.8
2190,"C","F",3,94
2191,"C","M",1,89.7
2192,"C","M",2,84.2
2193,"C","M",3,94
2194,"C","F",1,100
2195,"C","F",2,72.8
2196,"C","F",3,92.2
2197,"C","M",1,94.9
2198,"C","M",2,94.9
2199,"C","M",3,100
2200,"C","F",1,83.6
2201,"C","F",2,77.4
2202,"C","F",3,100
2203,"C","M",1,90.5
2204,"C","M",2,100
2205,"C","M",3,90.2
2206,"C","F",1,90.4
2207,"C","F",2,67.3
2208,"C","F",3,88.5
2209,"C","M",1,80.1
2210,"C","M",2,100
2211,"C","M",3,76.5
2212,"C","F",1,100
2213,"C","F",2,81.2
2214,"C","F",3,100
2215,"C","M",1,96.7
2216,"C","M",2,95.6
2217,"C","M",3,86.9
2218,"C","F",1,100
2219,"C","F",2,89.1
2220,"C","F",3,85.6
2221,"C","M",1,82.7
2222,"C","M",2,85.7
2223,"C","M",3,78.9
2224,"C","F",1,88.9
2225,"C","F",2,64.4
2226,"C","F",3,84.1
2227,"C","M",1,100
2228,"C","M",2,89.5
2229,"C","M",3,91.2
2230,"C","F",1,81.8
2231,"C","F",2,97.7
2232,"C","F",3,83.5
2233,"C","M",1,75.6
2234,"C","M",2,69.9
2235,"C","M",3,94.7
2236,"C","F",1,100
2237,"C","F",2,84.8
2238,"C","F",3,93.5
2239,"C","M",1,80.6
2240,"C","M",2,90.4
2241,"C","M",3,96.8
2242,"C","F",1,87.1
2243,"C","F",2,83.2
2244,"C","F",3,87
2245,"C","M",1,86.2
2246,"C","M",2,100
2247,"C","M",3,99.4
2248,"C","F",1,98.7
2249,"C","F",2,99.1
2250,"C","F",3,77.2
2251,"C","M",1,89.4
2252,"C","M",2,89.6
2253,"C","M",3,97
2254,"C","F",1,100
2255,"C","F",2,100
2256,"C","F",3,100
2257,"C","M",1,78.7
2258,"C","M",2,95.6
2259,"C","M",3,86.2
2260,"C","F",1,92.2
2261,"C","F",2,72.1
2262,"C","F",3,77.2
2263,"C","M",1,100
2264,"C","M",2,91.1
2265,"C","M",3,92.4
2266,"C","F",1,90.9
2267,"C","F",2,87.8
2268,"C","F",3,92.6
2269,"C","M",1,89.9
2270,"C","M",2,100
2271,"C","M",3,91.8
2272,"C","F",1,92.6
2273,"C","F",2,89.2
2274,"C","F",3,82.4
2275,"C","M",1,82.4
2276,"C","M",2,76.8
2277,"C","M",3,87.4
2278,"C","F",1,100
2279,"C","F",2,77.7
2280,"C","F",3,73.6
2281,"C","M",1,84.1
2282,"C","M",2,71.3
2283,"C","M",3,100
2284,"C","F",1,91.6
2285,"C","F",2,76
2286,"C","F",3,92.4
2287,"C","M",1,84.2
2288,"C","M",2,82.8
2289,"C","M",3,100
2290,"C","F",1,100
2291,"C","F",2,94.5
2292,"C","F",3,91.5
2293,"C","M",1,82
2294,"C","M",2,100
2295,"C","M",3,100
2296,"C","F",1,100
2297,"C","F",2,100
2298,"C","F",3,74.7
2299,"C","M",1,80.8
2300,"C","M",2,76.5
2301,"C","M",3,91.1
2302,"C","F",1,75.2
2303,"C","F",2,94
2304,"C","F",3,93.7
2305,"C","M",1,93.4
2306,"C","M",2,100
2307,"C","M",3,93
2308,"C","F",1,99.8
2309,"C","F",2,93.3
2310,"C","F",3,87.2
2311,"C","M",1,91.4
2312,"C","M",2,100
2313,"C","M",3,100
2314,"C","F",1,100
2315,"C","F",2,84.1
2316,"C","F",3,78.6
2317,"C","M",1,100
2318,"C","M",2,87.7
2319,"C","M",3,100
2320,"C","F",1,100
2321,"C","F",2,90.1
2322,"C","F",3,74.2
2323,"C","M",1,100
2324,"C","M",2,94.9
2325,"C","M",3,87.3
2326,"C","F",1,87.7
2327,"C","F",2,88.2
2328,"C","F",3,84
2329,"C","M",1,80.6
2330,"C","M",2,99.2
2331,"C","M",3,85.5
2332,"C","F",1,93
2333,"C","F",2,94.9
2334,"C","F",3,89
2335,"C","M",1,100
2336,"C","M",2,91.1
2337,"C","M",3,75.3
2338,"C","F",1,97
2339,"C","F",2,88.5
2340,"C","F",3,91
2341,"C","M",1,88.2
2342,"C","M",2,100
2343,"C","M",3,72
2344,"C","F",1,93.1
2345,"C","F",2,100
2346,"C","F",3,100
2347,"C","M",1,95.5
2348,"C","M",2,78.9
2349,"C","M",3,87
2350,"C","F",1,100
2351,"C","F",2,76.6
2352,"C","F",3,88
2353,"C","M",1,95.7
2354,"C","M",2,72.1
2355,"C","M",3,86.5
2356,"C","F",1,90.2
2357,"C","F",2,99
2358,"C","F",3,88.4
2359,"C","M",1,90.7
2360,"C","M",2,89
2361,"C","M",3,90.9
2362,"C","F",1,86.2
2363,"C","F",2,67.3
2364,"C","F",3,98.2
2365,"C","M",1,100
2366,"C","M",2,85.6
2367,"C","M",3,98.3
2368,"C","F",1,87.9
2369,"C","F",2,83.9
2370,"C","F",3,88.4
2371,"C","M",1,84.4
2372,"C","M",2,65.7
2373,"C","M",3,88
2374,"C","F",1,100
2375,"C","F",2,91.4
2376,"C","F",3,77.6
2377,"C","M",1,94.3
2378,"C","M",2,100
2379,"C","M",3,91.5
2380,"C","F",1,75.7
2381,"C","F",2,81.2
2382,"C","F",3,95.6
2383,"C","M",1,75.2
2384,"C","M",2,99.7
2385,"C","M",3,88.8
2386,"C","F",1,90.6
2387,"C","F",2,69.4
2388,"C","F",3,90.8
2389,"C","M",1,100
2390,"C","M",2,100
2391,"C","M",3,69
2392,"C","F",1,100
2393,"C","F",2,84.1
2394,"C","F",3,93.4
2395,"C","M",1,84.8
2396,"C","M",2,88.4
2397,"C","M",3,86.5
2398,"C","F",1,92.1
2399,"C","F",2,100
2400,"C","F",3,70
2401,"C","M",1,84.4
2402,"C","M",2,100
2403,"C","M",3,100
2404,"C","F",1,92.6
2405,"C","F",2,100
2406,"C","F",3,90.8
2407,"C","M",1,76.7
2408,"C","M",2,92.2
2409,"C","M",3,71.1
2410,"C","F",1,85.5
2411,"C","F",2,79.6
2412,"C","F",3,85.1
2413,"C","M",1,80.5
2414,"C","M",2,99.5
2415,"C","M",3,100
2416,"C","F",1,83.2
2417,"C","F",2,81.5
2418,"C","F",3,98.7
2419,"C","M",1,96.3
2420,"C","M",2,100
2421,"C","M",3,80.2
2422,"C","F",1,100
2423,"C","F",2,96.1
2424,"C","F",3,80.5
2425,"C","M",1,100
2426,"C","M",2,97.4
2427,"C","M",3,91.4
2428,"C","F",1,84.7
2429,"C","F",2,82.4
2430,"C","F",3,91
2431,"C","M",1,99.6
2432,"C","M",2,99.9
2433,"C","M",3,70.7
2434,"C","F",1,82.5
2435,"C","F",2,74.3
2436,"C","F",3,100
2437,"C","M",1,78.1
2438,"C","M",2,61.7
2439,"C","M",3,92.9
2440,"C","F",1,92.8
2441,"C","F",2,69.7
2442,"C","F",3,81.7
2443,"C","M",1,96.3
2444,"C","M",2,67.2
2445,"C","M",3,100
2446,"C","F",1,72.5
2447,"C","F",2,100
2448,"C","F",3,82.1
2449,"C","M",1,84.9
2450,"C","M",2,100
2451,"C","M",3,77.9
2452,"C","F",1,100
2453,"C","F",2,88.7
2454,"C","F",3,82.5
2455,"C","M",1,95.1
2456,"C","M",2,100
2457,"C","M",3,80.5
2458,"C","F",1,94.7
2459,"C","F",2,80.7
2460,"C","F",3,90.1
2461,"C","M",1,91.7
2462,"C","M",2,81.2
2463,"C","M",3,100
2464,"C","F",1,94.1
2465,"C","F",2,83.7
2466,"C","F",3,73.2
2467,"C","M",1,70.5
2468,"C","M",2,96.4
2469,"C","M",3,76.8
2470,"C","F",1,83.8
2471,"C","F",2,81.3
2472,"C","F",3,78.2
2473,"C","M",1,84.4
2474,"C","M",2,70.6
2475,"C","M",3,93.7
2476,"C","F",1,91
2477,"C","F",2,96.9
2478,"C","F",3,95.6
2479,"C","M",1,93.1
2480,"C","M",2,82.9
2481,"C","M",3,86.3
2482,"C","F",1,72.9
2483,"C","F",2,90.5
2484,"C","F",3,96.8
2485,"C","M",1,100
2486,"C","M",2,62.9
2487,"C","M",3,80.7
2488,"C","F",1,90.2
2489,"C","F",2,90.4
2490,"C","F",3,100
2491,"C","M",1,96.9
2492,"C","M",2,94
2493,"C","M",3,100
2494,"C","F",1,86
2495,"C","F",2,100
2496,"C","F",3,99.6
2497,"C","M",1,66.4
2498,"C","M",2,100
2499,"C","M",3,99.7
2500,"C","F",1,95.2
2501,"C","F",2,76.5
2502,"C","F",3,100
2503,"C","M",1,96
2504,"C","M",2,64.7
2505,"C","M",3,77.5
2506,"C","F",1,89.5
2507,"C","F",2,86.1
2508,"C","F",3,79.6
2509,"C","M",1,80.2
2510,"C","M",2,82.2
2511,"C","M",3,100
2512,"C","F",1,79.5
2513,"C","F",2,96
2514,"C","F",3,86.7
2515,"C","M",1,97.7
2516,"C","M",2,94.6
2517,"C","M",3,70.2
2518,"C","F",1,85.1
2519,"C","F",2,90.9
2520,"C","F",3,92.4
2521,"C","M",1,94.2
2522,"C","M",2,81.5
2523,"C","M",3,100
2524,"C","F",1,92.8
2525,"C","F",2,100
2526,"C","F",3,99.8
2527,"C","M",1,100
2528,"C","M",2,89.8
2529,"C","M",3,95
2530,"C","F",1,77.6
2531,"C","F",2,76.3
2532,"C","F",3,96.5
2533,"C","M",1,69.1
2534,"C","M",2,99.8
2535,"C","M",3,100
2536,"C","F",1,100
2537,"C","F",2,83.6
2538,"C","F",3,93.5
2539,"C","M",1,91.1
2540,"C","M",2,86.5
2541,"C","M",3,75.9
2542,"C","F",1,93.4
2543,"C","F",2,88.7
2544,"C","F",3,90.1
2545,"C","M",1,100
2546,"C","M",2,100
2547,"C","M",3,99.2
2548,"C","F",1,91.9
2549,"C","F",2,91.2
2550,"C","F",3,85.6
2551,"C","M",1,96.5
2552,"C","M",2,77.9
2553,"C","M",3,74.7
2554,"C","F",1,90.3
2555,"C","F",2,100
2556,"C","F",3,93
2557,"C","M",1,89
2558,"C","M",2,83.4
2559,"C","M",3,81.9
2560,"C","F",1,83.5
2561,"C","F",2,88.1
2562,"C","F",3,100
2563,"C","M",1,99.1
2564,"C","M",2,96.7
2565,"C","M",3,100
2566,"C","F",1,100
2567,"C","F",2,70.1
2568,"C","F",3,100
2569,"C","M",1,75.4
2570,"C","M",2,100
2571,"C","M",3,95
2572,"C","F",1,65.1
2573,"C","F",2,91.4
2574,"C","F",3,98.8
2575,"C","M",1,92.2
2576,"C","M",2,83.4
2577,"C","M",3,78.3
2578,"C","F",1,92.1
2579,"C","F",2,100
2580,"C","F",3,96.5
2581,"C","M",1,100
2582,"C","M",2,87.1
2583,"C","M",3,92.1
2584,"C","F",1,88.1
2585,"C","F",2,100
2586,"C","F",3,97.5
2587,"C","M",1,100
2588,"C","M",2,81.9
2589,"C","M",3,81.8
2590,"C","F",1,97.9
2591,"C","F",2,80.7
2592,"C","F",3,84.1
2593,"C","M",1,83.5
2594,"C","M",2,84.8
2595,"C","M",3,87.5
2596,"C","F",1,66.9
2597,"C","F",2,90.1
2598,"C","F",3,84.5
2599,"C","M",1,86.1
2600,"C","M",2,86.1
2601,"C","M",3,98.3
2602,"C","F",1,78.6
2603,"C","F",2,100
2604,"C","F",3,84.8
2605,"C","M",1,96.9
2606,"C","M",2,91.2
2607,"C","M",3,96.4
2608,"C","F",1,72.2
2609,"C","F",2,89.5
2610,"C","F",3,87.9
2611,"C","M",1,93.8
2612,"C","M",2,79.3
2613,"C","M",3,90.6
2614,"C","F",1,88.5
2615,"C","F",2,74
2616,"C","F",3,84.2
2617,"C","M",1,85.3
2618,"C","M",2,100
2619,"C","M",3,73.1
2620,"C","F",1,73
2621,"C","F",2,93
2622,"C","F",3,78.2
2623,"C","M",1,97.7
2624,"C","M",2,81.8
2625,"C","M",3,85.3
2626,"C","F",1,100
2627,"C","F",2,100
2628,"C","F",3,90.7
2629,"C","M",1,90.3
2630,"C","M",2,99.4
2631,"C","M",3,91.3
2632,"C","F",1,82.6
2633,"C","F",2,70.7
2634,"C","F",3,100
2635,"C","M",1,100
2636,"C","M",2,88.4
2637,"C","M",3,75.5
2638,"C","F",1,100
2639,"C","F",2,100
2640,"C","F",3,100
2641,"C","M",1,93.1
2642,"C","M",2,78.2
2643,"C","M",3,87.7
2644,"C","F",1,100
2645,"C","F",2,76.4
2646,"C","F",3,91.4
2647,"C","M",1,99.8
2648,"C","M",2,66.1
2649,"C","M",3,100
2650,"C","F",1,79.6
2651,"C","F",2,87.1
2652,"C","F",3,97.3
2653,"C","M",1,97.3
2654,"C","M",2,100
2655,"C","M",3,77
2656,"C","F",1,90.9
2657,"C","F",2,95.2
2658,"C","F",3,89.9
2659,"C","M",1,73.7
2660,"C","M",2,100
2661,"C","M",3,85.3
2662,"C","F",1,85.5
2663,"C","F",2,87.3
2664,"C","F",3,90.9
2665,"C","M",1,89.1
2666,"C","M",2,74
2667,"C","M",3,100
2668,"C","F",1,73.4
2669,"C","F",2,88.1
2670,"C","F",3,100
2671,"C","M",1,99.4
2672,"C","M",2,100
2673,"C","M",3,100
2674,"C","F",1,88.3
2675,"C","F",2,100
2676,"C","F",3,85.3
2677,"C","M",1,90.3
2678,"C","M",2,72.2
2679,"C","M",3,90.4
2680,"C","F",1,86
2681,"C","F",2,83.3
2682,"C","F",3,96.8
2683,"C","M",1,100
2684,"C","M",2,100
2685,"C","M",3,93.5
2686,"C","F",1,91.3
2687,"C","F",2,76.6
2688,"C","F",3,77.7
2689,"C","M",1,98.7
2690,"C","M",2,98.3
2691,"C","M",3,88
2692,"C","F",1,91.4
2693,"C","F",2,79.3
2694,"C","F",3,86.9
2695,"C","M",1,96.4
2696,"C","M",2,97.4
2697,"C","M",3,100
2698,"C","F",1,74
2699,"C","F",2,100
2700,"C","F",3,91.4
2701,"C","M",1,74.3
2702,"C","M",2,82.2
2703,"C","M",3,74
2704,"C","F",1,100
2705,"C","F",2,85.2
2706,"C","F",3,91.6
2707,"C","M",1,85
2708,"C","M",2,90.5
2709,"C","M",3,81.3
2710,"C","F",1,81
2711,"C","F",2,81.8
2712,"C","F",3,83.3
2713,"C","M",1,99.3
2714,"C","M",2,95.7
2715,"C","M",3,97.7
2716,"C","F",1,74.2
2717,"C","F",2,97.9
2718,"C","F",3,72.5
2719,"C","M",1,100
2720,"C","M",2,99.6
2721,"C","M",3,72.6
2722,"C","F",1,99.4
2723,"C","F",2,100
2724,"C","F",3,100
2725,"C","M",1,84.9
2726,"C","M",2,90.6
2727,"C","M",3,97
2728,"C","F",1,90.8
2729,"C","F",2,100
2730,"C","F",3,65
2731,"C","M",1,79.6
2732,"C","M",2,81.3
2733,"C","M",3,89.8
2734,"C","F",1,99.8
2735,"C","F",2,73
2736,"C","F",3,87.2
2737,"C","M",1,90.2
2738,"C","M",2,88
2739,"C","M",3,100
2740,"C","F",1,79.8
2741,"C","F",2,96.7
2742,"C","F",3,74.2
2743,"C","M",1,85.7
2744,"C","M",2,80.9
2745,"C","M",3,100
2746,"C","F",1,96.5
2747,"C","F",2,79.7
2748,"C","F",3,78.2
2749,"C","M",1,99.1
2750,"C","M",2,87.9
2751,"C","M",3,81
2752,"C","F",1,95.9
2753,"C","F",2,71.8
2754,"C","F",3,100
2755,"C","M",1,81.1
2756,"C","M",2,92.9
2757,"C","M",3,92.9
2758,"C","F",1,90.1
2759,"C","F",2,87.9
2760,"C","F",3,88.5
2761,"C","M",1,88.1
2762,"C","M",2,91.1
2763,"C","M",3,83.6
2764,"C","F",1,91.4
2765,"C","F",2,91.3
2766,"C","F",3,80.5
2767,"C","M",1,95.4
2768,"C","M",2,98.5
2769,"C","M",3,95.9
2770,"C","F",1,69.7
2771,"C","F",2,100
2772,"C","F",3,98.8
2773,"C","M",1,98.8
2774,"C","M",2,100
2775,"C","M",3,98.3
2776,"C","F",1,88
2777,"C","F",2,100
2778,"C","F",3,87.6
2779,"C","M",1,92.8
2780,"C","M",2,84.5
2781,"C","M",3,90.3
2782,"C","F",1,92.8
2783,"C","F",2,98.7
2784,"C","F",3,100
2785,"C","M",1,94.3
2786,"C","M",2,91.3
2787,"C","M",3,88.6
2788,"C","F",1,97.4
2789,"C","F",2,100
2790,"C","F",3,92
2791,"C","M",1,67.6
2792,"C","M",2,83.5
2793,"C","M",3,87.7
2794,"C","F",1,64.8
2795,"C","F",2,89.1
2796,"C","F",3,100
2797,"C","M",1,96.2
2798,"C","M",2,100
2799,"C","M",3,100
2800,"C","F",1,80.7
2801,"C","F",2,94.2
2802,"C","F",3,95
2803,"C","M",1,88.7
2804,"C","M",2,93.3
2805,"C","M",3,90.1
2806,"C","F",1,96.9
2807,"C","F",2,93
2808,"C","F",3,80
2809,"C","M",1,100
2810,"C","M",2,99.5
2811,"C","M",3,93.7
2812,"C","F",1,86.3
2813,"C","F",2,79.7
2814,"C","F",3,87.3
2815,"C","M",1,75.4
2816,"C","M",2,77.2
2817,"C","M",3,92.1
2818,"C","F",1,83.6
2819,"C","F",2,79
2820,"C","F",3,86.3
2821,"C","M",1,100
2822,"C","M",2,87.5
2823,"C","M",3,100
2824,"C","F",1,100
2825,"C","F",2,85.8
2826,"C","F",3,93.7
2827,"C","M",1,78.4
2828,"C","M",2,100
2829,"C","M",3,83.6
2830,"C","F",1,88.4
2831,"C","F",2,100
2832,"C","F",3,81.5
2833,"C","M",1,88.5
2834,"C","M",2,86.4
2835,"C","M",3,86.5
2836,"C","F",1,100
2837,"C","F",2,96.5
2838,"C","F",3,92.3
2839,"C","M",1,86.3
2840,"C","M",2,88.4
2841,"C","M",3,81.7
2842,"C","F",1,99.6
2843,"C","F",2,61.6
2844,"C","F",3,89.2
2845,"C","M",1,70.1
2846,"C","M",2,100
2847,"C","M",3,72.8
2848,"C","F",1,74.8
2849,"C","F",2,96.9
2850,"C","F",3,89.2
2851,"C","M",1,85.7
2852,"C","M",2,87.7
2853,"C","M",3,93.3
2854,"C","F",1,91.5
2855,"C","F",2,90.6
2856,"C","F",3,93.9
2857,"C","M",1,74.9
2858,"C","M",2,87.3
2859,"C","M",3,95.1
2860,"C","F",1,78.6
2861,"C","F",2,80.2
2862,"C","F",3,82.2
2863,"C","M",1,85.2
2864,"C","M",2,97
2865,"C","M",3,94.2
2866,"C","F",1,98.2
2867,"C","F",2,72.6
2868,"C","F",3,80.9
2869,"C","M",1,79.3
2870,"C","M",2,100
2871,"C","M",3,85
2872,"C","F",1,66.1
2873,"C","F",2,97.2
2874,"C","F",3,84.9
2875,"C","M",1,100
2876,"C","M",2,83.3
2877,"C","M",3,89.5
2878,"C","F",1,73.6
2879,"C","F",2,85.7
2880,"C","F",3,89.3
2881,"C","M",1,94
2882,"C","M",2,91.6
2883,"C","M",3,82.9
2884,"C","F",1,79.8
2885,"C","F",2,87.4
2886,"C","F",3,96.7
2887,"C","M",1,80.9
2888,"C","M",2,100
2889,"C","M",3,85.9
2890,"C","F",1,87.6
2891,"C","F",2,89.5
2892,"C","F",3,91.3
2893,"C","M",1,61.3
2894,"C","M",2,100
2895,"C","M",3,98.6
2896,"C","F",1,82.9
2897,"C","F",2,71.5
2898,"C","F",3,100
2899,"C","M",1,95.3
2900,"C","M",2,89.9
2901,"C","M",3,89.5
2902,"C","F",1,99.6
2903,"C","F",2,96.9
2904,"C","F",3,83.8
2905,"C","M",1,81.9
2906,"C","M",2,97.7
2907,"C","M",3,83.3
2908,"C","F",1,97.9
2909,"C","F",2,84.9
2910,"C","F",3,91.3
2911,"C","M",1,100
2912,"C","M",2,82.5
2913,"C","M",3,73.2
2914,"C","F",1,83.8
2915,"C","F",2,91.6
2916,"C","F",3,97.4
2917,"C","M",1,80
2918,"C","M",2,79.5
2919,"C","M",3,92.1
2920,"C","F",1,89.9
2921,"C","F",2,100
2922,"C","F",3,75.9
2923,"C","M",1,76.4
2924,"C","M",2,83.9
2925,"C","M",3,88.5
2926,"C","F",1,94.2
2927,"C","F",2,93.8
2928,"C","F",3,90.9
2929,"C","M",1,88.2
2930,"C","M",2,83.8
2931,"C","M",3,100
2932,"C","F",1,83.9
2933,"C","F",2,87
2934,"C","F",3,65.9
2935,"C","M",1,100
2936,"C","M",2,89.5
2937,"C","M",3,100
2938,"C","F",1,90.8
2939,"C","F",2,92
2940,"C","F",3,71.1
2941,"C","M",1,80.2
2942,"C","M",2,76.9
2943,"C","M",3,97
2944,"C","F",1,76.9
2945,"C","F",2,100
2946,"C","F",3,91.9
2947,"C","M",1,100
2948,"C","M",2,75.5
2949,"C","M",3,86.3
2950,"C","F",1,100
2951,"C","F",2,94.3
2952,"C","F",3,100
2953,"C","M",1,89.9
2954,"C","M",2,79.8
2955,"C","M",3,88.5
2956,"C","F",1,94.9
2957,"C","F",2,89.3
2958,"C","F",3,72.4
2959,"C","M",1,81.6
2960,"C","M",2,96.9
2961,"C","M",3,85.4
2962,"C","F",1,83.7
2963,"C","F",2,85.8
2964,"C","F",3,82
2965,"C","M",1,62.7
2966,"C","M",2,91.2
2967,"C","M",3,68.9
2968,"C","F",1,74.2
2969,"C","F",2,80.8
2970,"C","F",3,93.8
2971,"C","M",1,98.1
2972,"C","M",2,79.8
2973,"C","M",3,96.8
2974,"C","F",1,83.9
2975,"C","F",2,98.4
2976,"C","F",3,93.1
2977,"C","M",1,93.7
2978,"C","M",2,98.6
2979,"C","M",3,86.5
2980,"C","F",1,88.3
2981,"C","F",2,94.7
2982,"C","F",3,94.1
2983,"C","M",1,97.1
2984,"C","M",2,96.7
2985,"C","M",3,88.6
2986,"C","F",1,85.8
2987,"C","F",2,92.4
2988,"C","F",3,78.9
2989,"C","M",1,100
2990,"C","M",2,93.1
2991,"C","M",3,94.6
2992,"C","F",1,89.9
2993,"C","F",2,76.5
2994,"C","F",3,73.4
2995,"C","M",1,99.4
2996,"C","M",2,84.1
2997,"C","M",3,81.6
2998,"C","F",1,83.2
2999,"C","F",2,92.8
3000,"C","F",3,100
