연번,스테이션_ 성명(Station),위치,광역시도코드,광역시도명,시군구코드,시군구명,법정동코드,법정동명,행정동코드,행정동명
1,무역전시관입구(택시승강장),대전광역시 유성구 도룡동 3-8,30,대전광역시,30200,유성구,3020012700,도룡동,3020055000,신성동
2,대전컨벤션센터,대전광역시 유성구 도룡동 4-19,30,대전광역시,30200,유성구,3020012700,도룡동,3020055000,신성동
3,한밭수목원1,대전광역시 서구 만년동 396,30,대전광역시,30170,서구,3017012800,만년동,3017065000,만년동
4,초원아파트(104동 버스정류장),대전광역시 서구 만년동 401,30,대전광역시,30170,서구,3017012800,만년동,3017065000,만년동
5,둔산대공원 입구(버스정류장),대전광역시 서구 둔산2동 1521-10,30,대전광역시,30170,서구,3017011200,둔산동,3017064000,둔산2동
6,백합네거리(농협),대전광역시 서구 월평2동 266,30,대전광역시,30170,서구,3017011300,월평동,3017058700,월평2동
7,정부청사 입구(대덕대로),대전광역시 서구 둔산2동 920-2,30,대전광역시,30170,서구,3017011200,둔산동,3017064000,둔산2동
8,정부청사 입구(샘머리),대전광역시 서구 둔산2동 1518,30,대전광역시,30170,서구,3017011200,둔산동,3017064000,둔산2동
9,(운영중지)황실아파트(성룡초등학교),대전광역시 서구 월평2동 304,30,대전광역시,30170,서구,3017011300,월평동,3017058800,월평3동
10,만년동 KBS 부근(기업은행),대전광역시 서구 만년동 300,30,대전광역시,30170,서구,3017012800,만년동,3017065000,만년동
11,누리아파트(후문 버스정류장),대전광역시 서구 월평3동 301,30,대전광역시,30170,서구,3017011300,월평동,3017058800,월평3동
12,정부청사역 4번출구,대전광역시 서구 둔산2동 949-1,30,대전광역시,30170,서구,3017011200,둔산동,3017064000,둔산2동
13,삼천중학교(정문 맞은편),대전광역시 서구 둔산2동 911,30,대전광역시,30170,서구,3017011200,둔산동,3017063000,둔산1동
14,둔산 하이마트,대전광역시 서구 둔산2동 962,30,대전광역시,30170,서구,3017011200,둔산동,3017064000,둔산2동
15,둔산 홈플러스(법원 버스정류장),대전광역시 서구 둔산1동 1380-5,30,대전광역시,30170,서구,3017011200,둔산동,3017063000,둔산1동
16,국화아파트(501동),대전광역시 서구 둔산3동 1386,30,대전광역시,30170,서구,3017011200,둔산동,3017063000,둔산1동
17,타임월드,대전광역시 서구 둔산2동 1036,30,대전광역시,30170,서구,3017011200,둔산동,3017064000,둔산2동
18,대전시청,대전광역시 서구 둔산1동 1420,30,대전광역시,30170,서구,3017011200,둔산동,3017063000,둔산1동
19,현대아이텔(시청역 6번출구),대전광역시 서구 둔산1동 1457,30,대전광역시,30170,서구,3017011200,둔산동,3017063000,둔산1동
20,크로바아파트(정문 맞은편),대전광역시 서구 둔산1동 1554-1,30,대전광역시,30170,서구,3017011200,둔산동,3017063000,둔산1동
21,카이스트 학사식당,대전광역시 유성구 어은동 44,30,대전광역시,30200,유성구,3020012300,어은동,3020054000,온천2동
22,카이스트 창의학습관,대전광역시 유성구 구성동 23,30,대전광역시,30200,유성구,3020012400,구성동,3020054000,온천2동
23,카이스트 정문,대전광역시 유성구 구성동 284-4,30,대전광역시,30200,유성구,3020012400,구성동,3020054000,온천2동
24,화폐박물관,대전광역시 유성구 가정동 35,30,대전광역시,30200,유성구,3020012600,가정동,3020055000,신성동
25,카이스트 후문,대전광역시 유성구 구성동 145,30,대전광역시,30200,유성구,3020012400,구성동,3020054000,온천2동
26,엑스포과학공원 주차장,대전광역시 유성구 가정동 39-2,30,대전광역시,30200,유성구,3020012600,가정동,3020055000,신성동
27,엑스포과학공원,대전광역시 유성구 도룡동 3-1,30,대전광역시,30200,유성구,3020012700,도룡동,3020055000,신성동
28,스마트시티(201동),대전광역시 유성구 도룡동 4-32,30,대전광역시,30200,유성구,3020012700,도룡동,3020055000,신성동
29,만년동주민센터,대전광역시 서구 만년동 13,30,대전광역시,30170,서구,3017012800,만년동,3017065000,만년동
30,선사유적지공용주차장,대전광역시 서구 월평2동 2243,30,대전광역시,30170,서구,3017011300,월평동,3017058700,월평2동
31,대전광역시 유성구청,대전광역시 유성구 어은동 59-12,30,대전광역시,30200,유성구,3020012300,어은동,3020054000,온천2동
32,홈플러스(유성점),대전광역시 유성구 봉명동 669,30,대전광역시,30200,유성구,3020011100,봉명동,3020053000,온천1동
33,월평역 2번출구(육교밑),대전광역시 서구 월평동 428,30,대전광역시,30170,서구,3017011300,월평동,3017058600,월평1동
34,진달래아파트(107동),대전광역시 서구 월평동 604,30,대전광역시,30170,서구,3017011300,월평동,3017058600,월평1동
35,갈마역 2번출구,대전광역시 서구 둔산동 1515-2,30,대전광역시,30170,서구,3017011200,둔산동,3017064000,둔산2동
36,가람아파트(3동),대전광역시 서구 둔산동 2156,30,대전광역시,30170,서구,3017011200,둔산동,3017066000,둔산3동
37,수정타운아파트(13동),대전광역시 서구 둔산동 1515,30,대전광역시,30170,서구,3017011200,둔산동,3017066000,둔산3동
38,갑천역 1번출구,대전광역시 서구 월평동 1534,30,대전광역시,30170,서구,3017011300,월평동,3017058600,월평1동
39,패션월드,대전광역시 서구 월평1동 1498,30,대전광역시,30170,서구,3017011300,월평동,3017058600,월평1동
40,월평타운,대전광역시 서구 월평동 1543,30,대전광역시,30170,서구,3017011300,월평동,3017058600,월평1동
41,대전일보,대전광역시 서구 월평동 41-3,30,대전광역시,30170,서구,3017011300,월평동,3017058600,월평1동
42,갈마네거리,대전광역시 서구 갈마동 292-20,30,대전광역시,30170,서구,3017011100,갈마동,3017058100,갈마1동
43,둔산여고,대전광역시 서구 둔산동 1526,30,대전광역시,30170,서구,3017011200,둔산동,3017064000,둔산2동
44,을지대학병원,대전광역시 서구 둔산동 1542,30,대전광역시,30170,서구,3017011200,둔산동,3017064000,둔산2동
45,청솔아파트(9동),대전광역시 서구 둔산동 2161,30,대전광역시,30170,서구,3017011200,둔산동,3017066000,둔산3동
46,경성큰마을,대전광역시 서구 갈마동 1438,30,대전광역시,30170,서구,3017011100,갈마동,3017058200,갈마2동
47,오페라웨딩홀,대전광역시 서구 둔산동 1257,30,대전광역시,30170,서구,3017011200,둔산동,3017064000,둔산2동
48,대전종합고용지원센터(탄방역 4번출구),대전광역시 서구 탄방동 1453-1,30,대전광역시,30170,서구,3017010600,탄방동,3017055500,탄방동
49,한국농어촌공사,대전광역시 서구 탄방동 735,30,대전광역시,30170,서구,3017010600,탄방동,3017055500,탄방동
50,한가람아파트,대전광역시 서구 탄방동 1447,30,대전광역시,30170,서구,3017010600,탄방동,3017055500,탄방동
51,남선공원종합체육관,대전광역시 서구 탄방동 1458,30,대전광역시,30170,서구,3017010600,탄방동,3017055500,탄방동
52,유승기업사,대전광역시 서구 탄방동 521-2,30,대전광역시,30170,서구,3017010600,탄방동,3017055500,탄방동
53,탄방지하차도,대전광역시 서구 탄방동 1452,30,대전광역시,30170,서구,3017010600,탄방동,3017055500,탄방동
54,궁동네거리,대전광역시 유성구 장대동 312-3,30,대전광역시,30200,유성구,3020011700,장대동,3020054000,온천2동
55,충대정문오거리1(정문),대전광역시 유성구 궁동 258-8,30,대전광역시,30200,유성구,3020012200,궁동,3020054000,온천2동
56,충대정문오거리2(건너편),대전광역시 유성구 궁동 376-1,30,대전광역시,30200,유성구,3020012200,궁동,3020054000,온천2동
57,한진오피스텔,대전광역시 유성구 봉명동 535-5,30,대전광역시,30200,유성구,3020011100,봉명동,3020053000,온천1동
58,구암역 3번출구,대전광역시 유성구 구암동 96-9,30,대전광역시,30200,유성구,3020011200,구암동,3020053000,온천1동
59,유성온천역 6번출구,대전광역시 유성구 봉명동 552-5,30,대전광역시,30200,유성구,3020011100,봉명동,3020053000,온천1동
60,유성온천역 3번출구,대전광역시 유성구 봉명동 326-95,30,대전광역시,30200,유성구,3020011100,봉명동,3020061000,원신흥동
61,만년교(코젤병원),대전광역시 유성구 봉명동 328-22,30,대전광역시,30200,유성구,3020011100,봉명동,3020053000,온천1동
62,도안휴먼시아1단지,대전광역시 유성구 봉명동 1024,30,대전광역시,30200,유성구,3020011100,봉명동,3020061000,원신흥동
63,상대초등학교,대전광역시 유성구 상대동 138-67,30,대전광역시,30200,유성구,3020011500,상대동,3020061000,원신흥동
64,유성생명과학고등학교,대전광역시 유성구 상대동 425-9,30,대전광역시,30200,유성구,3020011500,상대동,3020061000,원신흥동
65,도안 센트롤시티,대전광역시 유성구 봉명동 385-1,30,대전광역시,30200,유성구,3020011100,봉명동,3020053000,온천1동
66,도안 휴먼시아6단지,대전광역시 유성구 상대동 7-1,30,대전광역시,30200,유성구,3020011500,상대동,3020061000,원신흥동
67,도안 한라비발디,대전광역시 유성구 상대동 173,30,대전광역시,30200,유성구,3020011500,상대동,3020061000,원신흥동
68,도안 신안인스빌리베라,대전광역시 유성구 원신흥동 204-8,30,대전광역시,30200,유성구,3020011400,원신흥동,3020061000,원신흥동
69,도안 트리풀시티9단지(504동 맞은편),대전광역시 유성구 상대동 72-5,30,대전광역시,30200,유성구,3020011500,상대동,3020061000,원신흥동
70,도안 휴먼시아10단지,대전광역시 유성구 원신흥동 183-2,30,대전광역시,30200,유성구,3020011400,원신흥동,3020061000,원신흥동
71,대전지방국세청,대전광역시 대덕구 법동 186,30,대전광역시,30230,대덕구,3023010800,법동,3023061000,법2동
72,대덕경찰서(법동),대전광역시 대덕구 법동 212,30,대전광역시,30230,대덕구,3023010800,법동,3023061000,법2동
73,대전중앙병원,대전광역시 대덕구 법동 285-3,30,대전광역시,30230,대덕구,3023010800,법동,3023060000,법1동
74,(공사중)중리시장,대전광역시 대덕구 중리동 370-24,30,대전광역시,30230,대덕구,3023010900,중리동,3023054600,중리동
75,보람아파트,대전광역시 대덕구 법동 202-4,30,대전광역시,30230,대덕구,3023010800,법동,3023061000,법2동
76,선비마을입구,대전광역시 대덕구 송촌동 446-3,30,대전광역시,30230,대덕구,3023010700,송촌동,3023054300,송촌동
77,선비마을3단지,대전광역시 대덕구 송촌동 461-2,30,대전광역시,30230,대덕구,3023010700,송촌동,3023054300,송촌동
78,중리동(하나로병원),대전광역시 대덕구 중리동 107-8,30,대전광역시,30230,대덕구,3023010900,중리동,3023054600,중리동
79,수도시설관리사업소,대전광역시 대덕구 중리동 118-12,30,대전광역시,30230,대덕구,3023010900,중리동,3023054600,중리동
80,송촌소방서,대전광역시 대덕구 송촌동 539,30,대전광역시,30230,대덕구,3023010700,송촌동,3023054300,송촌동
81,동춘당공원,대전광역시 대덕구 송촌동 192-2,30,대전광역시,30230,대덕구,3023010700,송촌동,3023054300,송촌동
82,선비마을5단지,대전광역시 대덕구 송촌동 510,30,대전광역시,30230,대덕구,3023010700,송촌동,3023054300,송촌동
83,유평초등학교,대전광역시 중구 태평동 254-15,30,대전광역시,30140,중구,3014011400,태평동,3014068000,태평1동
84,강남한의원,대전광역시 중구 태평2동 2409-21,30,대전광역시,30140,중구,3014011400,태평동,3014069000,태평2동
85,태평1동주민센터,대전광역시 중구 태평동 331-41,30,대전광역시,30140,중구,3014011400,태평동,3014068000,태평1동
86,삼부프라자,대전광역시 중구 태평2동 2395-1,30,대전광역시,30140,중구,3014011400,태평동,3014069000,태평2동
87,쌍용예가아파트,대전광역시 중구 유천동 198-15,30,대전광역시,30140,중구,3014011500,유천동,3014071000,유천2동
88,태평초등학교,대전광역시 중구 유천동 319-1,30,대전광역시,30140,중구,3014011500,유천동,3014071000,유천2동
89,버드내초등학교,대전광역시 중구 태평동 422-33,30,대전광역시,30140,중구,3014011400,태평동,3014069000,태평2동
90,유등교,대전광역시 중구 유천동 338-13,30,대전광역시,30140,중구,3014011500,유천동,3014070000,유천1동
91,버드내네거리,대전광역시 중구 유천동 306-18,30,대전광역시,30140,중구,3014011500,유천동,3014070000,유천1동
92,서대전농협,대전광역시 중구 유천동 308-7,30,대전광역시,30140,중구,3014011500,유천동,3014070000,유천1동
93,서대전육교,대전광역시 중구 유천동 186-7,30,대전광역시,30140,중구,3014011500,유천동,3014071000,유천2동
94,미리내아파트,대전광역시 동구 판암동 451-10,30,대전광역시,30110,동구,3011010700,판암동,3011055100,판암1동
95,판암역 2번출구,대전광역시 동구 판암동 323-2,30,대전광역시,30110,동구,3011010700,판암동,3011055100,판암1동
96,판암역 4번출구,대전광역시 동구 판암동 303-25,30,대전광역시,30110,동구,3011010700,판암동,3011055100,판암1동
97,가오고등학교,대전광역시 동구 가오동 465,30,대전광역시,30110,동구,3011010500,가오동,3011053000,효동
98,은어송마을입구,대전광역시 동구 가오동 217-4,30,대전광역시,30110,동구,3011010500,가오동,3011053000,효동
99,홈플러스 가오점(건너편),대전광역시 동구 가오동 644,30,대전광역시,30110,동구,3011010500,가오동,3011053000,효동
100,홈플러스 가오점,대전광역시 동구 가오동 552,30,대전광역시,30110,동구,3011010500,가오동,3011053000,효동
101,은어송마을4단지,대전광역시 동구 가오동 555,30,대전광역시,30110,동구,3011010500,가오동,3011053000,효동
102,은어송마을2단지,대전광역시 동구 대성동 130-1,30,대전광역시,30110,동구,3011013900,대성동,3011074000,산내동
103,대전남부여성가족원,대전광역시 동구 가오동 559-1,30,대전광역시,30110,동구,3011010500,가오동,3011053000,효동
104,국립중앙과학관,대전광역시 유성구 가정동 54-4,30,대전광역시,30200,유성구,3020012600,가정동,3020055000,신성동
105,카이스트 서쪽 쪽문,대전광역시 유성구 구성동 23,30,대전광역시,30200,유성구,3020012400,구성동,3020054000,온천2동
106,카이스트 다솜관,대전광역시 유성구 구성동 23,30,대전광역시,30200,유성구,3020012400,구성동,3020054000,온천2동
107,카이스트 세종관,대전광역시 유성구 구성동 23,30,대전광역시,30200,유성구,3020012400,구성동,3020054000,온천2동
108,목원대학교 입구,대전광역시 유성구 용계동 664-4,30,대전광역시,30200,유성구,3020010400,용계동,3020052000,진잠동
109,서부농협본점,대전광역시 서구 탄방동 1455,30,대전광역시,30170,서구,3017010600,탄방동,3017055500,탄방동
110,용문네거리(용문역 3번출구),대전광역시 서구 용문동 594-10,30,대전광역시,30170,서구,3017010500,용문동,3017055000,용문동
111,순복음교회(수침교),대전광역시 서구 용문동 249-11,30,대전광역시,30170,서구,3017010500,용문동,3017055000,용문동
112,나르메아파트 길건너,대전광역시 서구 가장동 45-8,30,대전광역시,30170,서구,3017010900,가장동,3017057000,가장동
113,가장교(성은사),대전광역시 서구 가장동 31-7,30,대전광역시,30170,서구,3017010900,가장동,3017057000,가장동
114,태평동성당,대전광역시 중구 태평동 346-1,30,대전광역시,30140,중구,3014011400,태평동,3014068000,태평1동
115,한전 대전세종충남지역본부(건너편),대전광역시 동구 용전동 45-1,30,대전광역시,30110,동구,3011011500,용전동,3011064000,용전동
116,홈플러스(동대전점),대전광역시 동구 용전동 51-17,30,대전광역시,30110,동구,3011011500,용전동,3011064000,용전동
117,동부네거리,대전광역시 동구 용전동 111-26,30,대전광역시,30110,동구,3011011500,용전동,3011064000,용전동
118,복합터미널,대전광역시 동구 용전동 143-16,30,대전광역시,30110,동구,3011011500,용전동,3011064000,용전동
119,용전동 천주교회,대전광역시 동구 용전동 144-1,30,대전광역시,30110,동구,3011011500,용전동,3011064000,용전동
120,한국통신 용전지점,대전광역시 동구 용전동 167-20,30,대전광역시,30110,동구,3011011500,용전동,3011064000,용전동
121,용전네거리(하나은행),대전광역시 동구 용전동 44-2,30,대전광역시,30110,동구,3011011500,용전동,3011064000,용전동
122,한남대후문 입구,대전광역시 대덕구 중리동 231-5,30,대전광역시,30230,대덕구,3023010900,중리동,3023054600,중리동
123,구)대덕경찰서(문평동),대전광역시 대덕구 문평동 83-2,30,대전광역시,30230,대덕구,3023011300,문평동,3023058000,목상동
124,목상동주민센터,대전광역시 대덕구 목상동 185-1,30,대전광역시,30230,대덕구,3023011200,목상동,3023058000,목상동
125,엑슬루타워,대전광역시 대덕구 석봉동 336,30,대전광역시,30230,대덕구,3023011100,석봉동,3023056000,석봉동
126,신탄진동주민센터,대전광역시 대덕구 신탄진동 120-1,30,대전광역시,30230,대덕구,3023012600,신탄진동,3023055000,신탄진동
127,신탄진역,대전광역시 대덕구 신탄진동 147-6,30,대전광역시,30230,대덕구,3023012600,신탄진동,3023055000,신탄진동
128,과선교버스정류장,대전광역시 대덕구 평촌동 264-64,30,대전광역시,30230,대덕구,3023011700,평촌동,3023057000,덕암동
129,신탄진고네거리,대전광역시 대덕구 신탄진동 149-6,30,대전광역시,30230,대덕구,3023012600,신탄진동,3023055000,신탄진동
130,용정초등학교,대전광역시 대덕구 신탄진동 52-1,30,대전광역시,30230,대덕구,3023012600,신탄진동,3023055000,신탄진동
131,에코공원,대전광역시 대덕구 신탄진동 산1-7,30,대전광역시,30230,대덕구,3023012600,신탄진동,3023055000,신탄진동
132,삼정삼거리,대전광역시 대덕구 삼정동 산27-4,30,대전광역시,30230,대덕구,3023012400,삼정동,3023055000,신탄진동
133,오룡역 7번출구,대전광역시 중구 용두동 113-12,30,대전광역시,30140,중구,3014011200,용두동,3014065500,용두동
134,중도일보,대전광역시 중구 오류동 175-3,30,대전광역시,30140,중구,3014011300,오류동,3014067000,오류동
135,서대전역네거리,대전광역시 중구 오류동 168-7,30,대전광역시,30140,중구,3014011300,오류동,3014067000,오류동
136,대전광역시 중구청역 1번출구(대전광역시 중구청의회),대전광역시 중구 대흥동 499-1,30,대전광역시,30140,중구,3014010500,대흥동,3014057500,대흥동
137,센트럴파크(302동),대전광역시 중구 문화동 1-256,30,대전광역시,30140,중구,3014011600,문화동,3014072000,문화1동
138,센트럴파크(105동),대전광역시 중구 문화동 284-168,30,대전광역시,30140,중구,3014011600,문화동,3014072000,문화1동
139,서대전네거리역 3번출구,대전광역시 중구 오류동 152-5,30,대전광역시,30140,중구,3014011300,오류동,3014067000,오류동
140,대전시민대학 정문,대전광역시 중구 선화동 287-2,30,대전광역시,30140,중구,3014010200,선화동,3014053500,은행선화동
141,대전세무서,대전광역시 중구 선화동 184-1,30,대전광역시,30140,중구,3014010200,선화동,3014053500,은행선화동
142,선화참좋은아파트(유안타증권),대전광역시 중구 선화동 83-1,30,대전광역시,30140,중구,3014010200,선화동,3014053500,은행선화동
143,중앙로역 3번출구,대전광역시 중구 대흥동 198-1,30,대전광역시,30140,중구,3014010500,대흥동,3014057500,대흥동
144,타슈 관제센터,대전광역시 유성구 원촌동 76-1,30,대전광역시,30200,유성구,3020014200,원촌동,3020057000,전민동
145,도안 호반베르디움(201동),대전광역시 유성구 봉명동 972,30,대전광역시,30200,유성구,3020011100,봉명동,3020053000,온천1동
146,도안 호반베르디움(101동),대전광역시 서구 가수원동 394,30,대전광역시,30170,서구,3017011400,가수원동,3017059000,가수원동
147,도안 계룡리슈빌(1704동),대전광역시 서구 도안동 1370,30,대전광역시,30170,서구,3017011500,도안동,3017059000,가수원동
148,도안 금성백조(701동),대전광역시 유성구 봉명동 1038-1,30,대전광역시,30200,유성구,3020011100,봉명동,3020053000,온천1동
149,도안 트리풀시티5단지(509동),대전광역시 유성구 상대동 495,30,대전광역시,30200,유성구,3020011500,상대동,3020061000,원신흥동
150,도안 우미린(1806동),대전광역시 서구 가수원동 1363,30,대전광역시,30170,서구,3017011400,가수원동,3017059000,가수원동
151,우송대 정문(건너편),대전광역시 동구 자양동 58-12,30,대전광역시,30110,동구,3011011100,자양동,3011059000,자양동
152,대전역(대한통운 맞은편),대전광역시 동구 정동 15-23,30,대전광역시,30110,동구,3011011900,정동,3011051500,중앙동
153,대동역 4번출구,대전광역시 동구 대동 148-112,30,대전광역시,30110,동구,3011011000,대동,3011058500,대동
154,한남오거리,대전광역시 대덕구 오정동 731,30,대전광역시,30230,대덕구,3023010100,오정동,3023051000,오정동
155,오정동 운암빌딩,대전광역시 대덕구 오정동 61-13,30,대전광역시,30230,대덕구,3023010100,오정동,3023051000,오정동
156,중촌네거리(목동우체국 방면),대전광역시 중구 중촌동 398-14,30,대전광역시,30140,중구,3014010400,중촌동,3014056000,중촌동
157,중촌초등학교(건너편),대전광역시 중구 중촌동 462,30,대전광역시,30140,중구,3014010400,중촌동,3014056000,중촌동
158,전자통신연구원,대전광역시 유성구 가정동 160-2,30,대전광역시,30200,유성구,3020012600,가정동,3020055000,신성동
159,연구단지네거리,대전광역시 유성구 도룡동 393-2,30,대전광역시,30200,유성구,3020012700,도룡동,3020055000,신성동
160,연구단지운동장(건너편),대전광역시 유성구 신성동 108-2,30,대전광역시,30200,유성구,3020012500,신성동,3020055000,신성동
161,연구단지 KT_G(건너편),대전광역시 유성구 신성동 산19-3,30,대전광역시,30200,유성구,3020012500,신성동,3020055000,신성동
162,송강체육관,대전광역시 유성구 송강동 200-2,30,대전광역시,30200,유성구,3020014700,송강동,3020058000,구즉동
163,송강초등학교,대전광역시 유성구 송강동 199,30,대전광역시,30200,유성구,3020014700,송강동,3020058000,구즉동
164,롯데마트(관평점),대전광역시 유성구 관평동 1286,30,대전광역시,30200,유성구,3020014600,관평동,3020060000,관평동
165,배울네거리,대전광역시 유성구 관평동 912,30,대전광역시,30200,유성구,3020014600,관평동,3020060000,관평동
166,인동네거리,대전광역시 동구 인동 116-18,30,대전광역시,30110,동구,3011010200,인동,3011054500,신인동
167,원동네거리,대전광역시 동구 원동 36-1,30,대전광역시,30110,동구,3011010100,원동,3011051500,중앙동
168,성남네거리,대전광역시 동구 성남동 50-1,30,대전광역시,30110,동구,3011011600,성남동,3011066500,성남동
169,삼성네거리,대전광역시 동구 삼성동 112-1,30,대전광역시,30110,동구,3011011800,삼성동,3011069500,삼성동
170,대전고오거리,대전광역시 중구 대흥동 320-2,30,대전광역시,30140,중구,3014010500,대흥동,3014057500,대흥동
171,대흥네거리,대전광역시 중구 대흥동 173-5,30,대전광역시,30140,중구,3014010500,대흥동,3014057500,대흥동
172,부사네거리,대전광역시 중구 부사동 129-5,30,대전광역시,30140,중구,3014011100,부사동,3014064000,부사동
173,무지개아파트,대전광역시 서구 월평동 298,30,대전광역시,30170,서구,3017011300,월평동,3017058700,월평2동
174,가수원네거리(전통시장 입구),대전광역시 서구 가수원동 764-11,30,대전광역시,30170,서구,3017011400,가수원동,3017059000,가수원동
175,건양대네거리,대전광역시 서구 관저동 999,30,대전광역시,30170,서구,3017011600,관저동,3017059600,관저1동
176,관저2동주민센터,대전광역시 서구 관저동 1104,30,대전광역시,30170,서구,3017011600,관저동,3017059700,관저2동
177,관저1동주민센터,대전광역시 서구 관저동 999-3,30,대전광역시,30170,서구,3017011600,관저동,3017059600,관저1동
178,노은역 3번출구,대전광역시 유성구 지족동 901-5,30,대전광역시,30200,유성구,3020012000,지족동,3020054600,노은1동
179,반석역 1번출구,대전광역시 유성구 반석동 694,30,대전광역시,30200,유성구,3020013900,반석동,3020054800,노은3동
180,전민동주민센터(건너편),대전광역시 유성구 전민동 304-5,30,대전광역시,30200,유성구,3020014100,전민동,3020057000,전민동
181,(공사중)엑스포아파트4단지(건너편),대전광역시 유성구 전민동 385-8,30,대전광역시,30200,유성구,3020014100,전민동,3020057000,전민동
182,한밭대 입구,대전광역시 유성구 덕명동 16-1,30,대전광역시,30200,유성구,3020011300,덕명동,3020053000,온천1동
183,현충원역 3번출구,대전광역시 유성구 구암동 424-67,30,대전광역시,30200,유성구,3020011200,구암동,3020053000,온천1동
184,오정우체국(건너편),대전광역시 대덕구 오정동 432-4,30,대전광역시,30230,대덕구,3023010100,오정동,3023051000,오정동
185,비래동 산림조합,대전광역시 대덕구 비래동 123-7,30,대전광역시,30230,대덕구,3023011000,비래동,3023053300,비래동
186,한밭수목원2,대전광역시 서구 만년동 396,30,대전광역시,30170,서구,3017012800,만년동,3017065000,만년동
187,양우건설 내안애,대전광역시 유성구 원신흥동 485-3,30,대전광역시,30200,유성구,3020011400,원신흥동,3020061000,원신흥동
188,구봉초등학교(건너편),대전광역시 서구 관저동 1147,30,대전광역시,30170,서구,3017011600,관저동,3017059700,관저2동
189,샘물타운아파트(301동),대전광역시 유성구 원내동 349,30,대전광역시,30200,유성구,3020010100,원내동,3020052000,진잠동
190,교촌제이파크(101동),대전광역시 유성구 교촌동 617,30,대전광역시,30200,유성구,3020010200,교촌동,3020052000,진잠동
191,신흥마을아파트(102동),대전광역시 동구 신흥동 212,30,대전광역시,30110,동구,3011010600,신흥동,3011054500,신인동
192,보문산오거리,대전광역시 중구 대사동 118-9,30,대전광역시,30140,중구,3014011000,대사동,3014063000,대사동
193,석교동주민센터,대전광역시 중구 석교동 12-7,30,대전광역시,30140,중구,3014010700,석교동,3014062000,석교동
194,호동우체국(건너편),대전광역시 중구 호동 10-14,30,대전광역시,30140,중구,3014010800,호동,3014062000,석교동
195,한밭도서관,대전광역시 중구 문화동 141,30,대전광역시,30140,중구,3014011600,문화동,3014072000,문화1동
196,대덕문화원,대전광역시 대덕구 읍내동 324-5,30,대전광역시,30230,대덕구,3023010300,읍내동,3023052500,회덕동
197,농도원네거리,대전광역시 서구 도마동 65-56,30,대전광역시,30170,서구,3017010300,도마동,3017052000,도마1동
198,도마네거리,대전광역시 서구 도마동 172-13,30,대전광역시,30170,서구,3017010300,도마동,3017053000,도마2동
199,노은1동주민센터,대전광역시 유성구 노은동 546,30,대전광역시,30200,유성구,3020011900,노은동,3020054600,노은1동
200,지족역 2번출구(건너편),대전광역시 유성구 지족동 840-2,30,대전광역시,30200,유성구,3020012000,지족동,3020054700,노은2동
201,노은3동주민센터,대전광역시 유성구 지족동 1024-2,30,대전광역시,30200,유성구,3020012000,지족동,3020054800,노은3동
202,도안초등학교,대전광역시 서구 도안동 1364,30,대전광역시,30170,서구,3017011500,도안동,3017059000,가수원동
203,죽동 금성백조,대전광역시 유성구 죽동 108-4,30,대전광역시,30200,유성구,3020012100,죽동,3020054000,온천2동
204,낭월 오투그란데(108동 맞은편),대전광역시 동구 낭월동 215-2,30,대전광역시,30110,동구,3011013600,낭월동,3011074000,산내동
205,대성삼거리,대전광역시 동구 대성동 200-4,30,대전광역시,30110,동구,3011013900,대성동,3011074000,산내동
206,대전대 후문,대전광역시 동구 용운동 631,30,대전광역시,30110,동구,3011010900,용운동,3011056000,용운동
207,가양초등학교,대전광역시 동구 가양동 288-6,30,대전광역시,30110,동구,3011011400,가양동,3011062000,가양1동
208,회덕농협(건너편),대전광역시 대덕구 읍내동 573-4,30,대전광역시,30230,대덕구,3023010300,읍내동,3023052500,회덕동
209,동부평생교육원,대전광역시 대덕구 법동 440-1,30,대전광역시,30230,대덕구,3023010800,법동,3023061000,법2동
210,읍내동우편취급국,대전광역시 대덕구 읍내 215-5,30,대전광역시,30230,대덕구,3023010300,읍내동,3023052500,회덕동
211,석봉문화센터,대전광역시 대덕구 석봉동 184-1,30,대전광역시,30230,대덕구,3023011100,석봉동,3023056000,석봉동
212,대전광역시 대덕구보건소네거리(자연애마트),대전광역시 대덕구 덕암동 12-1,30,대전광역시,30230,대덕구,3023011500,덕암동,3023057000,덕암동
213,송림네거리,대전광역시 유성구 하기동 516,30,대전광역시,30200,유성구,3020013200,하기동,3020054700,노은2동
214,외삼네거리(603동),대전광역시 유성구 반석동 613,30,대전광역시,30200,유성구,3020013900,반석동,3020054800,노은3동
215,지족초등학교,대전광역시 유성구 지족동 853,30,대전광역시,30200,유성구,3020012000,지족동,3020054700,노은2동
216,건양대학교병원,대전광역시 서구 관저동 1900,30,대전광역시,30170,서구,3017011600,관저동,3017059600,관저1동
217,초록마을아파트3단지,대전광역시 서구 복수동 613,30,대전광역시,30170,서구,3017010100,복수동,3017051000,복수동
218,충대병원입구(건너편),대전광역시 중구 대사동 248-29,30,대전광역시,30140,중구,3014011000,대사동,3014063000,대사동
219,문화초등학교네거리,대전광역시 중구 유천동 168-8,30,대전광역시,30140,중구,3014011500,유천동,3014071000,유천2동
220,머티네거리,대전광역시 중구 산성동 160-9,30,대전광역시,30140,중구,3014011700,산성동,3014074000,산성동
221,갈마중학교(서부장로교회),대전광역시 서구 갈마동 338-1,30,대전광역시,30170,서구,3017011100,갈마동,3017058100,갈마1동
222,갈마아파트 한마음동산,대전광역시 서구 갈마동 392-6,30,대전광역시,30170,서구,3017011100,갈마동,3017058100,갈마1동
223,가양비래공원네거리,대전광역시 대덕구 비래동 47-1,30,대전광역시,30230,대덕구,3023011000,비래동,3023053300,비래동
224,정림삼거리,대전광역시 서구 정림동 497,30,대전광역시,30170,서구,3017010400,정림동,3017053500,정림동
225,대전보건대,대전광역시 동구 가양동 88-1,30,대전광역시,30110,동구,3011011400,가양동,3011063000,가양2동
226,대정동 모다아울렛,대전광역시 유성구 대정동 303-2,30,대전광역시,30200,유성구,3020010300,대정동,3020052000,진잠동
227,죽동 대원칸타빌,대전광역시 유성구 죽동 141-3,30,대전광역시,30200,유성구,3020012100,죽동,3020054000,온천2동
228,노은3지구 트리풀시티포레(105동),대전광역시 유성구 지족동 1043,30,대전광역시,30200,유성구,3020012000,지족동,3020054800,노은3동
229,송림마을5단지(502동),대전광역시 유성구 하기동 545,30,대전광역시,30200,유성구,3020013200,하기동,3020054700,노은2동
230,노은3지구 꿈에그린(201동),대전광역시 유성구 지족동 1093,30,대전광역시,30200,유성구,3020012000,지족동,3020054800,노은3동
231,덕명동 하우스토리(101동),대전광역시 유성구 덕명동 525,30,대전광역시,30200,유성구,3020011300,덕명동,3020053000,온천1동
232,온천2동주민센터,대전광역시 유성구 장대동 40-2,30,대전광역시,30200,유성구,3020011700,장대동,3020054000,온천2동
233,대덕산업단지 BRT정류장,대전광역시 대덕구 문평동 92-1,30,대전광역시,30230,대덕구,3023011300,문평동,3023058000,목상동
234,와동 현대아파트(대덕의원),대전광역시 대덕구 와동 372-7,30,대전광역시,30230,대덕구,3023010600,와동,3023052500,회덕동
235,비래동 금성백조(102동),대전광역시 대덕구 비래동 130-7,30,대전광역시,30230,대덕구,3023011000,비래동,3023053300,비래동
236,가양2동주민센터(건너편 한산아파트),대전광역시 동구 가양동 55-3,30,대전광역시,30110,동구,3011011400,가양동,3011063000,가양2동
237,변동네거리(복음천하교회),대전광역시 서구 변동 60-2,30,대전광역시,30170,서구,3017010200,변동,3017054000,변동
238,내동네거리(컨벤션웨딩홀),대전광역시 서구 변동 70-9,30,대전광역시,30170,서구,3017010200,변동,3017054000,변동
239,느리울중네거리,대전광역시 서구 관저동 1394,30,대전광역시,30170,서구,3017011600,관저동,3017059700,관저2동
240,서부경찰서,대전광역시 서구 복수동 292-14,30,대전광역시,30170,서구,3017010100,복수동,3017051000,복수동
241,사정동 웰빙24시 사우나,대전광역시 중구 사정동 401,30,대전광역시,30140,중구,3014011800,사정동,3014074000,산성동
242,서대전역,대전광역시 중구 오류동 170-1,30,대전광역시,30140,중구,3014011300,오류동,3014067000,오류동
243,솔브릿지 국제대학,대전광역시 동구 삼성동 151-13,30,대전광역시,30110,동구,3011011800,삼성동,3011069500,삼성동
244,우송대 서문(건너편),대전광역시 동구 가양동 307-3,30,대전광역시,30110,동구,3011011400,가양동,3011062000,가양1동
245,천동초등학교,대전광역시 동구 천동 199-64,30,대전광역시,30110,동구,3011010400,천동,3011053000,효동
246,용방마을아파트(301동),대전광역시 동구 용운동 460,30,대전광역시,30110,동구,3011010900,용운동,3011056000,용운동
247,목동 한사랑아파트(109동),대전광역시 중구 목동 112-12,30,대전광역시,30140,중구,3014010300,목동,3014055000,목동
248,옥계동 새마을금고,대전광역시 중구 옥계동 46-15,30,대전광역시,30140,중구,3014010900,옥계동,3014062000,석교동
249,관저 금성백조(114동),대전광역시 서구 관저동 1574,30,대전광역시,30170,서구,3017011600,관저동,3017059700,관저2동
250,노은3지구 영무예다음(102동),대전광역시 유성구 지족동 1052,30,대전광역시,30200,유성구,3020012000,지족동,3020054800,노은3동
251,관저 더샵(109동),대전광역시 서구 관저동 1985,30,대전광역시,30170,서구,3017011600,관저동,3017059700,관저2동
252,대전정부청사 남문,대전광역시 서구 둔산동 1517,30,대전광역시,30170,서구,3017011200,둔산동,3017064000,둔산2동
253,가수원파출소(건너편),대전광역시 서구 가수원동 1373,30,대전광역시,30170,서구,3017011400,가수원동,3017059000,가수원동
254,대전과학기술대학교 정문,대전광역시 서구 복수동 257-5,30,대전광역시,30170,서구,3017010100,복수동,3017051000,복수동
255,용운국제수영장,대전광역시 동구 용운동 301-12,30,대전광역시,30110,동구,3011010900,용운동,3011056000,용운동
256,신성동 수천이들 근린공원,대전광역시 유성구 신성동 494,30,대전광역시,30200,유성구,3020012500,신성동,3020055000,신성동
257,대전테크노파크,대전광역시 유성구 용산동 605,30,대전광역시,30200,유성구,3020014400,용산동,3020060000,관평동
258,천문대입구,대전광역시 유성구 신성동 458,30,대전광역시,30200,유성구,3020012500,신성동,3020055000,신성동
259,대덕대학교,대전광역시 유성구 장동 48,30,대전광역시,30200,유성구,3020012800,장동,3020055000,신성동
260,오정농수산물 도매시장,대전광역시 대덕구 오정동 45-1,30,대전광역시,30230,대덕구,3023010100,오정동,3023051000,오정동
261,도로교통공단(건너편 라도무스),대전광역시 유성구 원신흥동 608,30,대전광역시,30200,유성구,3020011400,원신흥동,3020061000,원신흥동
262,반석 더샵,대전광역시 유성구 반석동 704,30,대전광역시,30200,유성구,3020013900,반석동,3020054800,노은3동
