응답자ID,성별,1번문항,10번문항,19번문항
1,여,매우 잘 알고 있다.,자주 들어본 적이 있다.,없다.
2,남,잘 알고 있다.,자주 들어본 적이 있다.,전혀 없다.
3,여,잘 알고 있다.,들어본 적이 있다.,없다.
4,남,잘 알고 있다.,보통정도이다.,전혀 없다.
5,여,잘 알고 있다.,보통정도이다.,전혀 없다.
6,남,잘 알고 있다.,자주 들어본 적이 있다.,보통 수준이다.
7,남,매우 잘 알고 있다.,자주 들어본 적이 있다.,없다.
8,남,매우 잘 알고 있다.,자주 들어본 적이 있다.,전혀 없다.
9,여,잘 알고 있다.,보통정도이다.,전혀 없다.
10,여,매우 잘 알고 있다.,자주 들어본 적이 있다.,전혀 없다.
11,여,보통이다.,자주 들어본 적이 있다.,전혀 없다.
12,여,잘 알고 있다.,자주 들어본 적이 있다.,없다.
13,여,매우 잘 알고 있다.,들어본 적이 있다.,전혀 없다.
14,여,보통이다.,보통정도이다.,전혀 없다.
15,남,매우 잘 알고 있다.,보통정도이다.,전혀 없다.
16,여,보통이다.,자주 들어본 적이 있다.,보통 수준이다.
17,남,잘 알고 있다.,자주 들어본 적이 있다.,전혀 없다.
18,남,매우 잘 알고 있다.,보통정도이다.,없다.
19,남,매우 잘 알고 있다.,들어본 적이 있다.,전혀 없다.
20,여,매우 잘 알고 있다.,보통정도이다.,전혀 없다.
21,남,잘 알고 있다.,자주 들어본 적이 있다.,전혀 없다.
22,여,잘 알고 있다.,자주 들어본 적이 있다.,전혀 없다.
23,남,매우 잘 알고 있다.,자주 들어본 적이 있다.,전혀 없다.
24,여,매우 잘 알고 있다.,자주 들어본 적이 있다.,없다.
25,여,매우 잘 알고 있다.,들어본 적이 있다.,없다.
26,남,보통이다.,자주 들어본 적이 있다.,전혀 없다.
27,여,잘 알고 있다.,들어본 적이 있다.,전혀 없다.
28,남,보통이다.,보통정도이다.,보통 수준이다.
29,남,잘 알고 있다.,들어본 적이 있다.,보통 수준이다.
30,여,매우 잘 알고 있다.,자주 들어본 적은 없다.,없다.
31,남,잘 알고 있다.,자주 들어본 적이 있다.,보통 수준이다.
32,여,잘 알고 있다.,자주 들어본 적이 있다.,전혀 없다.
33,여,매우 잘 알고 있다.,자주 들어본 적은 없다.,보통 수준이다.
34,남,매우 잘 알고 있다.,들어본 적이 있다.,없다.
35,여,매우 잘 알고 있다.,자주 들어본 적은 없다.,전혀 없다.
36,남,보통이다.,자주 들어본 적이 있다.,없다.
37,여,매우 잘 알고 있다.,자주 들어본 적이 있다.,전혀 없다.
38,여,매우 잘 알고 있다.,들어본 적이 있다.,없다.
39,여,잘 모르고 있다.,들어본 적이 있다.,전혀 없다.
40,남,잘 알고 있다.,보통정도이다.,전혀 없다.
41,남,잘 알고 있다.,자주 들어본 적이 있다.,보통 수준이다.
42,남,잘 알고 있다.,자주 들어본 적이 있다.,없다.
43,여,매우 잘 알고 있다.,들어본 적이 있다.,없다.
44,남,잘 알고 있다.,자주 들어본 적은 없다.,전혀 없다.
45,여,매우 잘 알고 있다.,보통정도이다.,전혀 없다.
46,남,잘 알고 있다.,자주 들어본 적이 있다.,없다.
47,남,보통이다.,자주 들어본 적이 있다.,보통 수준이다.
48,남,잘 알고 있다.,자주 들어본 적은 없다.,없다.
49,남,매우 잘 알고 있다.,자주 들어본 적이 있다.,전혀 없다.
50,여,잘 알고 있다.,들어본 적이 있다.,전혀 없다.
51,남,매우 잘 알고 있다.,자주 들어본 적이 있다.,보통 수준이다.
52,여,잘 알고 있다.,자주 들어본 적이 있다.,전혀 없다.
53,남,잘 알고 있다.,자주 들어본 적이 있다.,보통 수준이다.
54,여,매우 잘 알고 있다.,들어본 적이 있다.,전혀 없다.
55,남,매우 잘 알고 있다.,들어본 적이 있다.,전혀 없다.
56,여,잘 알고 있다.,자주 들어본 적이 있다.,없다.
57,여,잘 알고 있다.,자주 들어본 적이 있다.,보통 수준이다.
58,여,잘 알고 있다.,들어본 적이 있다.,없다.
59,남,매우 잘 알고 있다.,자주 들어본 적은 없다.,전혀 없다.
60,여,잘 알고 있다.,들어본 적이 있다.,없다.
61,남,보통이다.,자주 들어본 적이 있다.,없다.
62,남,매우 잘 알고 있다.,자주 들어본 적이 있다.,전혀 없다.
63,여,매우 잘 알고 있다.,들어본 적이 있다.,없다.
64,남,매우 잘 알고 있다.,보통정도이다.,전혀 없다.
65,여,매우 잘 알고 있다.,들어본 적이 있다.,전혀 없다.
66,남,보통이다.,자주 들어본 적이 있다.,많다.
67,여,잘 알고 있다.,들어본 적이 있다.,많다.
68,여,잘 알고 있다.,들어본 적이 있다.,전혀 없다.
69,남,매우 잘 알고 있다.,보통정도이다.,전혀 없다.
70,여,매우 잘 알고 있다.,보통정도이다.,없다.
71,남,매우 잘 알고 있다.,자주 들어본 적이 있다.,많다.
72,남,보통이다.,자주 들어본 적이 있다.,전혀 없다.
73,남,매우 잘 알고 있다.,자주 들어본 적이 있다.,없다.
74,남,잘 알고 있다.,자주 들어본 적은 없다.,없다.
75,남,매우 잘 알고 있다.,들어본 적이 있다.,없다.
76,여,잘 알고 있다.,자주 들어본 적이 있다.,보통 수준이다.
77,남,잘 알고 있다.,자주 들어본 적이 있다.,매우 많다.
78,여,매우 잘 알고 있다.,들어본 적이 있다.,없다.
79,여,매우 잘 알고 있다.,들어본 적이 있다.,전혀 없다.
80,남,매우 잘 알고 있다.,들어본 적이 있다.,없다.
81,남,잘 모르고 있다.,들어본 적이 있다.,없다.
82,남,잘 알고 있다.,자주 들어본 적이 있다.,없다.
83,여,매우 잘 알고 있다.,자주 들어본 적은 없다.,없다.
84,여,매우 잘 알고 있다.,자주 들어본 적은 없다.,없다.
85,남,매우 잘 알고 있다.,들어본 적이 있다.,전혀 없다.
86,남,보통이다.,들어본 적이 있다.,없다.
87,남,잘 알고 있다.,자주 들어본 적이 있다.,보통 수준이다.
88,여,매우 잘 알고 있다.,들어본 적이 있다.,전혀 없다.
89,남,매우 잘 알고 있다.,들어본 적이 있다.,전혀 없다.
90,여,잘 알고 있다.,자주 들어본 적이 있다.,전혀 없다.
91,남,매우 잘 알고 있다.,자주 들어본 적이 있다.,없다.
92,남,보통이다.,자주 들어본 적이 있다.,전혀 없다.
93,남,매우 잘 알고 있다.,자주 들어본 적이 있다.,없다.
94,여,매우 잘 알고 있다.,보통정도이다.,전혀 없다.
95,여,매우 잘 알고 있다.,자주 들어본 적은 없다.,없다.
96,여,잘 알고 있다.,자주 들어본 적이 있다.,전혀 없다.
97,남,잘 알고 있다.,자주 들어본 적이 있다.,전혀 없다.
98,여,매우 잘 알고 있다.,들어본 적이 있다.,전혀 없다.
99,남,매우 잘 알고 있다.,보통정도이다.,없다.
100,남,매우 잘 알고 있다.,자주 들어본 적이 있다.,전혀 없다.
101,남,매우 잘 알고 있다.,자주 들어본 적이 있다.,전혀 없다.
102,여,잘 알고 있다.,자주 들어본 적이 있다.,보통 수준이다.
103,남,매우 잘 알고 있다.,자주 들어본 적이 있다.,전혀 없다.
104,여,매우 잘 알고 있다.,자주 들어본 적은 없다.,전혀 없다.
105,남,매우 잘 알고 있다.,보통정도이다.,보통 수준이다.
106,여,잘 알고 있다.,자주 들어본 적이 있다.,없다.
107,여,매우 잘 알고 있다.,자주 들어본 적이 있다.,전혀 없다.
108,여,매우 잘 알고 있다.,자주 들어본 적이 있다.,전혀 없다.
109,남,매우 잘 알고 있다.,보통정도이다.,없다.
110,남,매우 잘 알고 있다.,들어본 적이 있다.,전혀 없다.
111,남,보통이다.,자주 들어본 적이 있다.,많다.
112,남,매우 잘 알고 있다.,자주 들어본 적이 있다.,전혀 없다.
113,남,보통이다.,보통정도이다.,없다.
114,남,매우 잘 알고 있다.,보통정도이다.,전혀 없다.
115,여,매우 잘 알고 있다.,보통정도이다.,전혀 없다.
116,여,보통이다.,자주 들어본 적이 있다.,없다.
117,남,잘 모르고 있다.,들어본 적이 있다.,많다.
118,남,매우 잘 알고 있다.,자주 들어본 적이 있다.,없다.
119,여,매우 잘 알고 있다.,보통정도이다.,전혀 없다.
120,여,잘 알고 있다.,들어본 적이 있다.,전혀 없다.
121,남,보통이다.,자주 들어본 적이 있다.,없다.
122,남,보통이다.,자주 들어본 적이 있다.,전혀 없다.
123,여,잘 모르고 있다.,자주 들어본 적이 있다.,보통 수준이다.
124,남,보통이다.,보통정도이다.,보통 수준이다.
125,남,매우 잘 알고 있다.,자주 들어본 적은 없다.,전혀 없다.
126,남,잘 알고 있다.,자주 들어본 적이 있다.,보통 수준이다.
127,여,잘 알고 있다.,자주 들어본 적이 있다.,전혀 없다.
128,남,잘 알고 있다.,자주 들어본 적이 있다.,없다.
129,여,매우 잘 알고 있다.,자주 들어본 적은 없다.,전혀 없다.
130,여,매우 잘 알고 있다.,들어본 적이 있다.,보통 수준이다.
131,여,잘 모르고 있다.,자주 들어본 적이 있다.,없다.
132,남,잘 알고 있다.,자주 들어본 적이 있다.,없다.
133,남,매우 잘 알고 있다.,보통정도이다.,없다.
134,여,매우 잘 알고 있다.,자주 들어본 적이 있다.,전혀 없다.
135,여,잘 알고 있다.,자주 들어본 적은 없다.,없다.
136,여,잘 알고 있다.,자주 들어본 적이 있다.,전혀 없다.
137,남,보통이다.,자주 들어본 적이 있다.,보통 수준이다.
138,여,잘 알고 있다.,들어본 적이 있다.,전혀 없다.
139,여,잘 알고 있다.,자주 들어본 적이 있다.,전혀 없다.
140,남,잘 알고 있다.,자주 들어본 적은 없다.,전혀 없다.
141,여,잘 알고 있다.,자주 들어본 적이 있다.,없다.
142,여,잘 모르고 있다.,자주 들어본 적이 있다.,없다.
143,남,매우 잘 알고 있다.,들어본 적이 있다.,전혀 없다.
144,남,매우 잘 알고 있다.,보통정도이다.,없다.
145,여,매우 잘 알고 있다.,자주 들어본 적이 있다.,전혀 없다.
146,여,잘 알고 있다.,자주 들어본 적이 있다.,전혀 없다.
147,남,보통이다.,자주 들어본 적이 있다.,없다.
148,여,잘 알고 있다.,자주 들어본 적이 있다.,전혀 없다.
149,남,보통이다.,자주 들어본 적이 있다.,전혀 없다.
150,남,매우 잘 알고 있다.,들어본 적이 있다.,없다.
151,여,잘 알고 있다.,자주 들어본 적이 있다.,없다.
152,남,매우 잘 알고 있다.,자주 들어본 적이 있다.,전혀 없다.
153,여,매우 잘 알고 있다.,자주 들어본 적이 있다.,전혀 없다.
154,남,잘 알고 있다.,보통정도이다.,없다.
155,여,매우 잘 알고 있다.,보통정도이다.,전혀 없다.
156,남,잘 모르고 있다.,자주 들어본 적이 있다.,없다.
157,여,잘 알고 있다.,자주 들어본 적이 있다.,전혀 없다.
158,남,매우 잘 모르고 있다.,보통정도이다.,전혀 없다.
159,여,매우 잘 알고 있다.,보통정도이다.,전혀 없다.
160,남,매우 잘 알고 있다.,자주 들어본 적은 없다.,없다.
161,여,잘 알고 있다.,자주 들어본 적이 있다.,많다.
162,여,잘 알고 있다.,자주 들어본 적이 있다.,없다.
163,남,잘 알고 있다.,보통정도이다.,없다.
164,남,매우 잘 알고 있다.,자주 들어본 적이 있다.,전혀 없다.
165,여,매우 잘 알고 있다.,보통정도이다.,전혀 없다.
166,여,잘 알고 있다.,자주 들어본 적이 있다.,없다.
167,남,잘 알고 있다.,자주 들어본 적이 있다.,전혀 없다.
168,남,매우 잘 알고 있다.,자주 들어본 적이 있다.,전혀 없다.
169,남,잘 알고 있다.,자주 들어본 적이 있다.,전혀 없다.
170,여,매우 잘 알고 있다.,보통정도이다.,전혀 없다.
171,남,보통이다.,자주 들어본 적이 있다.,보통 수준이다.
172,여,잘 알고 있다.,들어본 적이 있다.,없다.
173,남,잘 알고 있다.,들어본 적이 있다.,전혀 없다.
174,여,매우 잘 알고 있다.,자주 들어본 적이 있다.,없다.
175,여,매우 잘 알고 있다.,전혀 들어본적이 없다.,전혀 없다.
176,남,보통이다.,자주 들어본 적이 있다.,보통 수준이다.
177,여,잘 알고 있다.,자주 들어본 적이 있다.,전혀 없다.
178,여,잘 알고 있다.,들어본 적이 있다.,전혀 없다.
179,남,매우 잘 알고 있다.,보통정도이다.,없다.
180,여,매우 잘 알고 있다.,들어본 적이 있다.,전혀 없다.
181,남,잘 알고 있다.,자주 들어본 적이 있다.,전혀 없다.
182,여,잘 알고 있다.,자주 들어본 적이 있다.,보통 수준이다.
183,여,잘 알고 있다.,들어본 적이 있다.,보통 수준이다.
184,여,매우 잘 알고 있다.,자주 들어본 적은 없다.,전혀 없다.
185,여,잘 알고 있다.,자주 들어본 적이 있다.,없다.
186,남,매우 잘 알고 있다.,자주 들어본 적이 있다.,보통 수준이다.
187,여,보통이다.,자주 들어본 적이 있다.,보통 수준이다.
188,여,잘 알고 있다.,들어본 적이 있다.,전혀 없다.
189,여,매우 잘 알고 있다.,자주 들어본 적은 없다.,전혀 없다.
190,남,매우 잘 알고 있다.,들어본 적이 있다.,매우 많다.
191,여,잘 알고 있다.,자주 들어본 적이 있다.,보통 수준이다.
192,남,매우 잘 모르고 있다.,자주 들어본 적이 있다.,없다.
193,여,매우 잘 알고 있다.,보통정도이다.,보통 수준이다.
194,여,잘 알고 있다.,보통정도이다.,없다.
195,여,잘 알고 있다.,자주 들어본 적이 있다.,전혀 없다.
196,남,보통이다.,자주 들어본 적이 있다.,전혀 없다.
197,여,보통이다.,들어본 적이 있다.,없다.
198,여,잘 알고 있다.,들어본 적이 있다.,없다.
199,남,보통이다.,들어본 적이 있다.,전혀 없다.
200,여,매우 잘 알고 있다.,보통정도이다.,전혀 없다.
201,남,보통이다.,자주 들어본 적이 있다.,전혀 없다.
202,여,잘 알고 있다.,자주 들어본 적이 있다.,없다.
203,남,매우 잘 알고 있다.,들어본 적이 있다.,전혀 없다.
204,여,잘 알고 있다.,들어본 적이 있다.,보통 수준이다.
205,여,매우 잘 알고 있다.,들어본 적이 있다.,전혀 없다.
206,여,보통이다.,자주 들어본 적이 있다.,보통 수준이다.
207,남,잘 알고 있다.,자주 들어본 적이 있다.,전혀 없다.
208,여,매우 잘 알고 있다.,보통정도이다.,전혀 없다.
209,남,매우 잘 알고 있다.,들어본 적이 있다.,없다.
210,여,보통이다.,자주 들어본 적은 없다.,없다.
211,여,잘 알고 있다.,자주 들어본 적이 있다.,전혀 없다.
212,남,잘 알고 있다.,자주 들어본 적이 있다.,없다.
213,남,매우 잘 알고 있다.,자주 들어본 적이 있다.,전혀 없다.
214,여,잘 알고 있다.,보통정도이다.,전혀 없다.
215,남,매우 잘 알고 있다.,자주 들어본 적이 있다.,보통 수준이다.
216,남,잘 모르고 있다.,자주 들어본 적이 있다.,없다.
217,여,잘 알고 있다.,자주 들어본 적이 있다.,없다.
218,남,잘 알고 있다.,들어본 적이 있다.,전혀 없다.
219,여,매우 잘 알고 있다.,보통정도이다.,없다.
220,여,잘 알고 있다.,들어본 적이 있다.,없다.
221,여,잘 알고 있다.,자주 들어본 적이 있다.,보통 수준이다.
222,여,매우 잘 알고 있다.,자주 들어본 적이 있다.,없다.
223,남,매우 잘 알고 있다.,자주 들어본 적이 있다.,전혀 없다.
224,남,매우 잘 알고 있다.,보통정도이다.,없다.
225,여,매우 잘 알고 있다.,자주 들어본 적이 있다.,전혀 없다.
226,남,잘 알고 있다.,자주 들어본 적이 있다.,없다.
227,여,보통이다.,자주 들어본 적이 있다.,전혀 없다.
228,남,매우 잘 알고 있다.,보통정도이다.,없다.
229,여,매우 잘 알고 있다.,들어본 적이 있다.,없다.
230,남,매우 잘 알고 있다.,들어본 적이 있다.,없다.
231,남,보통이다.,자주 들어본 적이 있다.,없다.
232,여,잘 알고 있다.,자주 들어본 적이 있다.,전혀 없다.
233,여,매우 잘 알고 있다.,들어본 적이 있다.,보통 수준이다.
234,남,잘 알고 있다.,자주 들어본 적은 없다.,없다.
235,여,매우 잘 알고 있다.,보통정도이다.,없다.
236,여,매우 잘 알고 있다.,자주 들어본 적이 있다.,없다.
237,여,보통이다.,자주 들어본 적이 있다.,없다.
238,남,매우 잘 알고 있다.,보통정도이다.,전혀 없다.
239,남,매우 잘 알고 있다.,자주 들어본 적이 있다.,전혀 없다.
240,남,보통이다.,들어본 적이 있다.,없다.
241,여,잘 알고 있다.,자주 들어본 적이 있다.,보통 수준이다.
242,여,잘 알고 있다.,자주 들어본 적이 있다.,전혀 없다.
243,여,매우 잘 알고 있다.,보통정도이다.,전혀 없다.
244,남,잘 알고 있다.,들어본 적이 있다.,없다.
246,여,보통이다.,보통정도이다.,전혀 없다.
247,여,잘 알고 있다.,자주 들어본 적이 있다.,보통 수준이다.
248,여,보통이다.,자주 들어본 적이 있다.,없다.
249,여,잘 알고 있다.,들어본 적이 있다.,없다.
250,여,보통이다.,보통정도이다.,없다.
251,남,잘 알고 있다.,보통정도이다.,전혀 없다.
252,남,잘 알고 있다.,자주 들어본 적이 있다.,보통 수준이다.
253,여,잘 알고 있다.,자주 들어본 적이 있다.,전혀 없다.
254,남,매우 잘 알고 있다.,자주 들어본 적이 있다.,없다.
255,여,매우 잘 알고 있다.,들어본 적이 있다.,전혀 없다.
256,여,매우 잘 알고 있다.,보통정도이다.,전혀 없다.
257,여,잘 알고 있다.,자주 들어본 적이 있다.,매우 많다.
258,남,잘 알고 있다.,자주 들어본 적이 있다.,보통 수준이다.
259,남,매우 잘 알고 있다.,보통정도이다.,없다.
260,여,잘 알고 있다.,보통정도이다.,전혀 없다.
261,남,매우 잘 알고 있다.,자주 들어본 적이 있다.,전혀 없다.
262,여,보통이다.,자주 들어본 적이 있다.,많다.
263,여,매우 잘 알고 있다.,자주 들어본 적이 있다.,많다.
264,남,잘 알고 있다.,보통정도이다.,전혀 없다.
265,남,매우 잘 알고 있다.,자주 들어본 적은 없다.,보통 수준이다.
266,여,매우 잘 알고 있다.,보통정도이다.,전혀 없다.
267,남,매우 잘 알고 있다.,자주 들어본 적이 있다.,없다.
268,남,보통이다.,자주 들어본 적이 있다.,전혀 없다.
269,여,매우 잘 알고 있다.,보통정도이다.,없다.
270,남,매우 잘 알고 있다.,들어본 적이 있다.,전혀 없다.
271,남,매우 잘 알고 있다.,자주 들어본 적은 없다.,전혀 없다.
272,남,잘 알고 있다.,자주 들어본 적이 있다.,보통 수준이다.
273,남,보통이다.,자주 들어본 적이 있다.,없다.
274,남,매우 잘 알고 있다.,들어본 적이 있다.,전혀 없다.
275,여,잘 알고 있다.,들어본 적이 있다.,전혀 없다.
276,여,매우 잘 알고 있다.,자주 들어본 적은 없다.,없다.
277,여,잘 알고 있다.,들어본 적이 있다.,보통 수준이다.
278,여,보통이다.,들어본 적이 있다.,없다.
279,여,잘 알고 있다.,보통정도이다.,없다.
280,남,매우 잘 알고 있다.,들어본 적이 있다.,전혀 없다.
281,남,매우 잘 알고 있다.,자주 들어본 적은 없다.,전혀 없다.
282,여,잘 알고 있다.,자주 들어본 적이 있다.,없다.
283,남,잘 알고 있다.,자주 들어본 적이 있다.,없다.
284,여,보통이다.,자주 들어본 적이 있다.,없다.
285,남,잘 알고 있다.,자주 들어본 적이 있다.,없다.
286,남,매우 잘 알고 있다.,보통정도이다.,전혀 없다.
287,남,잘 알고 있다.,자주 들어본 적이 있다.,없다.
288,남,잘 알고 있다.,자주 들어본 적이 있다.,없다.
289,여,매우 잘 알고 있다.,들어본 적이 있다.,전혀 없다.
290,여,잘 알고 있다.,들어본 적이 있다.,전혀 없다.
291,남,잘 알고 있다.,들어본 적이 있다.,전혀 없다.
292,남,보통이다.,자주 들어본 적이 있다.,전혀 없다.
293,여,잘 알고 있다.,자주 들어본 적이 있다.,없다.
294,남,보통이다.,들어본 적이 있다.,보통 수준이다.
295,남,매우 잘 알고 있다.,자주 들어본 적이 있다.,없다.
296,남,매우 잘 알고 있다.,들어본 적이 있다.,없다.
297,여,보통이다.,들어본 적이 있다.,매우 많다.
298,여,보통이다.,자주 들어본 적이 있다.,전혀 없다.
299,남,매우 잘 알고 있다.,자주 들어본 적이 있다.,없다.
300,여,잘 알고 있다.,들어본 적이 있다.,없다.
301,남,매우 잘 알고 있다.,전혀 들어본적이 없다.,전혀 없다.
302,남,잘 알고 있다.,자주 들어본 적이 있다.,보통 수준이다.
303,남,잘 모르고 있다.,자주 들어본 적이 있다.,전혀 없다.
304,남,잘 알고 있다.,자주 들어본 적이 있다.,전혀 없다.
305,여,매우 잘 알고 있다.,보통정도이다.,전혀 없다.
306,여,잘 알고 있다.,보통정도이다.,전혀 없다.
307,남,잘 알고 있다.,자주 들어본 적이 있다.,없다.
308,여,매우 잘 알고 있다.,자주 들어본 적이 있다.,전혀 없다.
309,남,잘 모르고 있다.,보통정도이다.,없다.
310,남,매우 잘 알고 있다.,들어본 적이 있다.,없다.
311,남,잘 알고 있다.,들어본 적이 있다.,없다.
312,남,보통이다.,자주 들어본 적이 있다.,전혀 없다.
313,여,보통이다.,자주 들어본 적이 있다.,보통 수준이다.
314,여,매우 잘 알고 있다.,들어본 적이 있다.,전혀 없다.
315,여,매우 잘 알고 있다.,보통정도이다.,전혀 없다.
316,여,매우 잘 알고 있다.,들어본 적이 있다.,없다.
317,남,매우 잘 알고 있다.,자주 들어본 적이 있다.,없다.
318,여,매우 잘 알고 있다.,들어본 적이 있다.,없다.
319,남,매우 잘 알고 있다.,자주 들어본 적이 있다.,전혀 없다.
320,남,매우 잘 알고 있다.,들어본 적이 있다.,전혀 없다.
321,남,잘 알고 있다.,들어본 적이 있다.,전혀 없다.
322,여,매우 잘 알고 있다.,자주 들어본 적이 있다.,전혀 없다.
323,남,보통이다.,자주 들어본 적이 있다.,없다.
324,여,매우 잘 알고 있다.,들어본 적이 있다.,전혀 없다.
325,남,매우 잘 알고 있다.,보통정도이다.,전혀 없다.
326,남,매우 잘 알고 있다.,들어본 적이 있다.,전혀 없다.
327,남,잘 알고 있다.,자주 들어본 적이 있다.,없다.
328,여,잘 알고 있다.,자주 들어본 적이 있다.,없다.
329,남,매우 잘 알고 있다.,들어본 적이 있다.,전혀 없다.
330,여,잘 알고 있다.,자주 들어본 적은 없다.,없다.
331,남,잘 알고 있다.,자주 들어본 적은 없다.,전혀 없다.
332,여,보통이다.,자주 들어본 적이 있다.,없다.
333,남,보통이다.,자주 들어본 적이 있다.,전혀 없다.
334,남,보통이다.,들어본 적이 있다.,보통 수준이다.
335,여,매우 잘 알고 있다.,들어본 적이 있다.,전혀 없다.
336,여,매우 잘 알고 있다.,들어본 적이 있다.,전혀 없다.
337,남,잘 알고 있다.,자주 들어본 적이 있다.,없다.
338,남,잘 알고 있다.,자주 들어본 적이 있다.,전혀 없다.
339,여,매우 잘 알고 있다.,들어본 적이 있다.,전혀 없다.
340,여,보통이다.,들어본 적이 있다.,보통 수준이다.
341,남,매우 잘 알고 있다.,보통정도이다.,전혀 없다.
342,여,잘 모르고 있다.,자주 들어본 적이 있다.,없다.
343,남,잘 알고 있다.,자주 들어본 적이 있다.,없다.
344,여,잘 알고 있다.,들어본 적이 있다.,없다.
345,여,보통이다.,자주 들어본 적이 있다.,전혀 없다.
346,남,매우 잘 알고 있다.,들어본 적이 있다.,없다.
347,여,잘 알고 있다.,자주 들어본 적이 있다.,없다.
348,남,매우 잘 알고 있다.,자주 들어본 적이 있다.,보통 수준이다.
349,남,잘 알고 있다.,들어본 적이 있다.,전혀 없다.
350,남,보통이다.,들어본 적이 있다.,전혀 없다.
351,여,매우 잘 알고 있다.,보통정도이다.,전혀 없다.
352,남,매우 잘 알고 있다.,자주 들어본 적이 있다.,매우 많다.
353,여,보통이다.,자주 들어본 적이 있다.,없다.
354,여,매우 잘 알고 있다.,자주 들어본 적이 있다.,전혀 없다.
355,남,잘 알고 있다.,보통정도이다.,없다.
356,남,잘 모르고 있다.,자주 들어본 적은 없다.,없다.
357,여,잘 모르고 있다.,자주 들어본 적이 있다.,전혀 없다.
358,남,잘 알고 있다.,자주 들어본 적이 있다.,보통 수준이다.
359,여,잘 알고 있다.,들어본 적이 있다.,없다.
360,남,매우 잘 알고 있다.,자주 들어본 적이 있다.,전혀 없다.
361,여,잘 알고 있다.,보통정도이다.,없다.
362,여,매우 잘 알고 있다.,자주 들어본 적이 있다.,보통 수준이다.
363,여,잘 알고 있다.,자주 들어본 적이 있다.,없다.
364,남,잘 알고 있다.,자주 들어본 적이 있다.,보통 수준이다.
365,남,매우 잘 알고 있다.,자주 들어본 적이 있다.,없다.
366,남,잘 알고 있다.,자주 들어본 적은 없다.,전혀 없다.
367,남,잘 모르고 있다.,자주 들어본 적이 있다.,보통 수준이다.
368,여,보통이다.,자주 들어본 적이 있다.,없다.
369,여,매우 잘 알고 있다.,들어본 적이 있다.,전혀 없다.
370,남,잘 알고 있다.,들어본 적이 있다.,전혀 없다.
371,여,매우 잘 알고 있다.,자주 들어본 적은 없다.,전혀 없다.
372,남,잘 모르고 있다.,자주 들어본 적이 있다.,없다.
373,여,잘 알고 있다.,자주 들어본 적이 있다.,없다.
374,남,보통이다.,들어본 적이 있다.,없다.
375,남,매우 잘 알고 있다.,보통정도이다.,없다.
376,남,매우 잘 알고 있다.,자주 들어본 적은 없다.,전혀 없다.
377,여,잘 알고 있다.,자주 들어본 적이 있다.,전혀 없다.
378,남,보통이다.,들어본 적이 있다.,전혀 없다.
379,여,매우 잘 알고 있다.,보통정도이다.,전혀 없다.
380,남,매우 잘 알고 있다.,자주 들어본 적은 없다.,전혀 없다.
381,여,매우 잘 알고 있다.,들어본 적이 있다.,전혀 없다.
382,남,잘 알고 있다.,자주 들어본 적이 있다.,보통 수준이다.
383,여,매우 잘 알고 있다.,자주 들어본 적이 있다.,없다.
384,여,매우 잘 알고 있다.,자주 들어본 적이 있다.,보통 수준이다.
385,남,매우 잘 알고 있다.,보통정도이다.,전혀 없다.
386,남,매우 잘 알고 있다.,보통정도이다.,전혀 없다.
387,여,매우 잘 알고 있다.,자주 들어본 적이 있다.,보통 수준이다.
388,남,보통이다.,자주 들어본 적이 있다.,전혀 없다.
389,남,매우 잘 알고 있다.,자주 들어본 적이 있다.,많다.
390,여,보통이다.,들어본 적이 있다.,보통 수준이다.
391,여,잘 알고 있다.,보통정도이다.,없다.
392,여,보통이다.,자주 들어본 적이 있다.,보통 수준이다.
393,여,보통이다.,자주 들어본 적이 있다.,없다.
394,남,잘 알고 있다.,보통정도이다.,없다.
395,남,잘 알고 있다.,들어본 적이 있다.,전혀 없다.
396,남,매우 잘 알고 있다.,들어본 적이 있다.,전혀 없다.
397,남,잘 모르고 있다.,자주 들어본 적이 있다.,전혀 없다.
398,여,잘 알고 있다.,자주 들어본 적이 있다.,전혀 없다.
399,남,잘 알고 있다.,보통정도이다.,없다.
400,여,매우 잘 알고 있다.,들어본 적이 있다.,전혀 없다.
401,여,매우 잘 알고 있다.,전혀 들어본적이 없다.,보통 수준이다.
402,남,보통이다.,자주 들어본 적이 있다.,없다.
403,남,잘 알고 있다.,자주 들어본 적이 있다.,없다.
404,남,잘 알고 있다.,자주 들어본 적이 있다.,전혀 없다.
405,여,잘 알고 있다.,들어본 적이 있다.,전혀 없다.
406,여,매우 잘 알고 있다.,들어본 적이 있다.,전혀 없다.
407,여,매우 잘 알고 있다.,자주 들어본 적이 있다.,보통 수준이다.
408,여,보통이다.,자주 들어본 적이 있다.,보통 수준이다.
409,여,매우 잘 알고 있다.,자주 들어본 적이 있다.,없다.
410,여,잘 알고 있다.,자주 들어본 적이 있다.,전혀 없다.
411,여,매우 잘 알고 있다.,보통정도이다.,없다.
412,남,보통이다.,자주 들어본 적이 있다.,전혀 없다.
413,여,보통이다.,자주 들어본 적이 있다.,없다.
414,여,보통이다.,보통정도이다.,전혀 없다.
415,여,매우 잘 알고 있다.,보통정도이다.,없다.
416,여,잘 알고 있다.,들어본 적이 있다.,없다.
417,남,잘 알고 있다.,자주 들어본 적이 있다.,없다.
418,남,잘 알고 있다.,자주 들어본 적이 있다.,보통 수준이다.
419,남,잘 알고 있다.,자주 들어본 적이 있다.,보통 수준이다.
420,남,매우 잘 알고 있다.,들어본 적이 있다.,없다.
421,여,매우 잘 알고 있다.,보통정도이다.,없다.
422,여,보통이다.,자주 들어본 적이 있다.,보통 수준이다.
423,남,보통이다.,자주 들어본 적이 있다.,없다.
424,여,매우 잘 알고 있다.,자주 들어본 적이 있다.,없다.
425,남,매우 잘 알고 있다.,자주 들어본 적은 없다.,전혀 없다.
426,남,잘 알고 있다.,보통정도이다.,없다.
427,남,매우 잘 알고 있다.,자주 들어본 적이 있다.,없다.
428,남,매우 잘 알고 있다.,자주 들어본 적이 있다.,없다.
429,남,잘 알고 있다.,보통정도이다.,전혀 없다.
430,남,매우 잘 알고 있다.,들어본 적이 있다.,전혀 없다.
431,여,매우 잘 알고 있다.,자주 들어본 적은 없다.,전혀 없다.
432,여,보통이다.,자주 들어본 적이 있다.,없다.
433,남,보통이다.,자주 들어본 적이 있다.,보통 수준이다.
434,남,잘 알고 있다.,들어본 적이 있다.,없다.
435,남,보통이다.,자주 들어본 적은 없다.,없다.
436,남,매우 잘 알고 있다.,자주 들어본 적은 없다.,보통 수준이다.
437,남,보통이다.,자주 들어본 적이 있다.,없다.
438,여,잘 알고 있다.,자주 들어본 적이 있다.,보통 수준이다.
439,남,보통이다.,자주 들어본 적은 없다.,많다.
440,여,잘 알고 있다.,보통정도이다.,전혀 없다.
441,여,매우 잘 알고 있다.,자주 들어본 적은 없다.,없다.
442,남,보통이다.,자주 들어본 적이 있다.,없다.
443,여,보통이다.,자주 들어본 적이 있다.,보통 수준이다.
444,남,잘 알고 있다.,자주 들어본 적이 있다.,없다.
445,여,매우 잘 알고 있다.,보통정도이다.,보통 수준이다.
446,남,보통이다.,들어본 적이 있다.,전혀 없다.
447,여,잘 알고 있다.,자주 들어본 적이 있다.,전혀 없다.
448,여,보통이다.,자주 들어본 적이 있다.,없다.
449,여,잘 알고 있다.,자주 들어본 적이 있다.,없다.
450,남,잘 알고 있다.,들어본 적이 있다.,전혀 없다.
451,여,매우 잘 알고 있다.,보통정도이다.,전혀 없다.
452,남,잘 알고 있다.,자주 들어본 적이 있다.,없다.
453,여,보통이다.,자주 들어본 적이 있다.,전혀 없다.
454,남,잘 모르고 있다.,자주 들어본 적이 있다.,전혀 없다.
455,여,보통이다.,보통정도이다.,전혀 없다.
456,남,잘 알고 있다.,들어본 적이 있다.,전혀 없다.
457,남,보통이다.,자주 들어본 적이 있다.,보통 수준이다.
458,여,잘 알고 있다.,자주 들어본 적이 있다.,없다.
459,여,잘 알고 있다.,자주 들어본 적이 있다.,전혀 없다.
460,여,잘 알고 있다.,보통정도이다.,없다.
461,남,매우 잘 알고 있다.,자주 들어본 적이 있다.,없다.
462,남,잘 알고 있다.,자주 들어본 적이 있다.,많다.
463,여,보통이다.,자주 들어본 적이 있다.,없다.
464,남,매우 잘 알고 있다.,들어본 적이 있다.,보통 수준이다.
465,남,매우 잘 알고 있다.,자주 들어본 적은 없다.,없다.
466,여,매우 잘 알고 있다.,보통정도이다.,없다.
467,남,매우 잘 알고 있다.,자주 들어본 적이 있다.,없다.
468,여,잘 알고 있다.,자주 들어본 적이 있다.,없다.
469,여,매우 잘 알고 있다.,자주 들어본 적이 있다.,없다.
470,여,잘 알고 있다.,보통정도이다.,전혀 없다.
471,여,매우 잘 알고 있다.,들어본 적이 있다.,전혀 없다.
472,여,매우 잘 알고 있다.,자주 들어본 적이 있다.,없다.
473,남,잘 알고 있다.,자주 들어본 적이 있다.,없다.
474,남,매우 잘 알고 있다.,자주 들어본 적이 있다.,전혀 없다.
475,남,보통이다.,보통정도이다.,전혀 없다.
476,여,매우 잘 알고 있다.,보통정도이다.,없다.
477,남,잘 모르고 있다.,자주 들어본 적이 있다.,보통 수준이다.
478,남,잘 알고 있다.,자주 들어본 적이 있다.,전혀 없다.
479,남,잘 알고 있다.,자주 들어본 적이 있다.,전혀 없다.
480,남,잘 알고 있다.,자주 들어본 적이 있다.,없다.
481,남,매우 잘 알고 있다.,보통정도이다.,전혀 없다.
482,남,잘 알고 있다.,자주 들어본 적이 있다.,보통 수준이다.
483,여,잘 알고 있다.,들어본 적이 있다.,전혀 없다.
484,여,잘 알고 있다.,자주 들어본 적이 있다.,없다.
485,남,매우 잘 알고 있다.,들어본 적이 있다.,없다.
486,남,매우 잘 알고 있다.,들어본 적이 있다.,전혀 없다.
487,남,매우 잘 알고 있다.,자주 들어본 적이 있다.,없다.
488,남,보통이다.,자주 들어본 적이 있다.,없다.
489,남,잘 알고 있다.,보통정도이다.,없다.
490,여,잘 알고 있다.,들어본 적이 있다.,없다.
491,남,매우 잘 알고 있다.,들어본 적이 있다.,전혀 없다.
492,여,잘 알고 있다.,자주 들어본 적이 있다.,없다.
493,남,보통이다.,자주 들어본 적이 있다.,많다.
494,여,보통이다.,들어본 적이 있다.,전혀 없다.
495,여,매우 잘 알고 있다.,들어본 적이 있다.,많다.
496,여,매우 잘 알고 있다.,들어본 적이 있다.,없다.
497,여,잘 알고 있다.,자주 들어본 적이 있다.,많다.
498,여,잘 알고 있다.,자주 들어본 적이 있다.,보통 수준이다.
499,남,매우 잘 알고 있다.,들어본 적이 있다.,없다.
500,남,잘 알고 있다.,들어본 적이 있다.,없다.
501,여,매우 잘 알고 있다.,들어본 적이 있다.,전혀 없다.
502,남,보통이다.,자주 들어본 적이 있다.,보통 수준이다.
503,여,보통이다.,자주 들어본 적이 있다.,전혀 없다.
504,여,보통이다.,자주 들어본 적이 있다.,전혀 없다.
505,여,매우 잘 알고 있다.,들어본 적이 있다.,전혀 없다.
506,남,매우 잘 알고 있다.,자주 들어본 적이 있다.,전혀 없다.
507,남,보통이다.,자주 들어본 적이 있다.,전혀 없다.
510,여,보통이다.,자주 들어본 적이 있다.,전혀 없다.
511,남,보통이다.,자주 들어본 적이 있다.,없다.
512,남,매우 잘 알고 있다.,들어본 적이 있다.,없다.
513,여,잘 알고 있다.,자주 들어본 적은 없다.,없다.
514,여,잘 알고 있다.,자주 들어본 적이 있다.,없다.
515,남,잘 모르고 있다.,자주 들어본 적이 있다.,없다.
516,남,보통이다.,보통정도이다.,없다.
517,남,잘 알고 있다.,들어본 적이 있다.,없다.
518,여,매우 잘 알고 있다.,보통정도이다.,전혀 없다.
519,여,보통이다.,자주 들어본 적이 있다.,없다.
520,여,잘 알고 있다.,자주 들어본 적이 있다.,없다.
521,여,매우 잘 알고 있다.,들어본 적이 있다.,없다.
522,남,잘 알고 있다.,보통정도이다.,전혀 없다.
523,남,매우 잘 알고 있다.,보통정도이다.,전혀 없다.
524,남,보통이다.,자주 들어본 적이 있다.,많다.
525,여,잘 알고 있다.,자주 들어본 적이 있다.,전혀 없다.
526,남,매우 잘 알고 있다.,자주 들어본 적이 있다.,없다.
527,남,보통이다.,들어본 적이 있다.,전혀 없다.
528,여,매우 잘 알고 있다.,보통정도이다.,전혀 없다.
529,남,보통이다.,자주 들어본 적이 있다.,전혀 없다.
530,남,매우 잘 알고 있다.,자주 들어본 적이 있다.,없다.
531,여,매우 잘 알고 있다.,들어본 적이 있다.,많다.
532,남,잘 알고 있다.,들어본 적이 있다.,없다.
533,여,매우 잘 알고 있다.,보통정도이다.,없다.
534,여,잘 알고 있다.,자주 들어본 적이 있다.,많다.
535,남,잘 알고 있다.,자주 들어본 적이 있다.,없다.
536,여,매우 잘 알고 있다.,자주 들어본 적이 있다.,없다.
537,남,잘 알고 있다.,보통정도이다.,전혀 없다.
538,남,매우 잘 알고 있다.,자주 들어본 적은 없다.,전혀 없다.
539,남,매우 잘 모르고 있다.,들어본 적이 있다.,전혀 없다.
540,여,잘 알고 있다.,자주 들어본 적이 있다.,없다.
541,남,잘 알고 있다.,들어본 적이 있다.,없다.
542,남,잘 알고 있다.,자주 들어본 적은 없다.,전혀 없다.
543,여,매우 잘 알고 있다.,들어본 적이 있다.,없다.
544,여,잘 알고 있다.,자주 들어본 적이 있다.,없다.
545,여,잘 알고 있다.,자주 들어본 적이 있다.,없다.
546,남,보통이다.,자주 들어본 적이 있다.,전혀 없다.
547,여,매우 잘 알고 있다.,들어본 적이 있다.,없다.
548,여,잘 알고 있다.,자주 들어본 적이 있다.,전혀 없다.
549,남,잘 알고 있다.,자주 들어본 적이 있다.,없다.
550,여,보통이다.,자주 들어본 적이 있다.,보통 수준이다.
551,남,보통이다.,들어본 적이 있다.,없다.
552,남,보통이다.,들어본 적이 있다.,전혀 없다.
553,여,잘 알고 있다.,들어본 적이 있다.,없다.
554,여,잘 알고 있다.,자주 들어본 적이 있다.,없다.
555,남,매우 잘 알고 있다.,자주 들어본 적이 있다.,전혀 없다.
556,남,잘 알고 있다.,자주 들어본 적이 있다.,많다.
557,여,매우 잘 알고 있다.,들어본 적이 있다.,전혀 없다.
558,여,잘 알고 있다.,보통정도이다.,없다.
559,여,잘 모르고 있다.,자주 들어본 적이 있다.,없다.
560,여,잘 알고 있다.,자주 들어본 적이 있다.,없다.
561,남,매우 잘 알고 있다.,보통정도이다.,없다.
562,남,잘 알고 있다.,자주 들어본 적이 있다.,전혀 없다.
563,여,잘 알고 있다.,보통정도이다.,전혀 없다.
564,여,매우 잘 알고 있다.,자주 들어본 적이 있다.,없다.
565,여,잘 모르고 있다.,자주 들어본 적이 있다.,없다.
566,남,잘 알고 있다.,들어본 적이 있다.,보통 수준이다.
567,여,잘 알고 있다.,들어본 적이 있다.,전혀 없다.
568,남,매우 잘 알고 있다.,자주 들어본 적은 없다.,전혀 없다.
569,남,보통이다.,자주 들어본 적이 있다.,많다.
570,여,보통이다.,자주 들어본 적이 있다.,보통 수준이다.
571,남,잘 알고 있다.,자주 들어본 적이 있다.,전혀 없다.
572,남,매우 잘 알고 있다.,자주 들어본 적이 있다.,전혀 없다.
573,남,매우 잘 알고 있다.,보통정도이다.,전혀 없다.
574,여,잘 알고 있다.,자주 들어본 적이 있다.,없다.
575,여,보통이다.,자주 들어본 적이 있다.,전혀 없다.
576,여,매우 잘 알고 있다.,자주 들어본 적이 있다.,없다.
577,여,잘 알고 있다.,자주 들어본 적은 없다.,전혀 없다.
578,여,매우 잘 알고 있다.,보통정도이다.,전혀 없다.
579,남,잘 알고 있다.,자주 들어본 적이 있다.,전혀 없다.
580,여,매우 잘 알고 있다.,자주 들어본 적이 있다.,전혀 없다.
581,남,잘 알고 있다.,자주 들어본 적이 있다.,없다.
582,여,매우 잘 알고 있다.,들어본 적이 있다.,전혀 없다.
583,남,잘 알고 있다.,들어본 적이 있다.,전혀 없다.
584,여,보통이다.,자주 들어본 적이 있다.,보통 수준이다.
585,남,매우 잘 알고 있다.,자주 들어본 적이 있다.,없다.
586,여,잘 알고 있다.,자주 들어본 적은 없다.,전혀 없다.
587,남,매우 잘 알고 있다.,자주 들어본 적이 있다.,많다.
588,여,매우 잘 알고 있다.,들어본 적이 있다.,전혀 없다.
589,여,잘 알고 있다.,자주 들어본 적이 있다.,없다.
590,여,잘 알고 있다.,자주 들어본 적이 있다.,전혀 없다.
591,여,잘 모르고 있다.,자주 들어본 적이 있다.,전혀 없다.
592,여,보통이다.,보통정도이다.,전혀 없다.
593,여,매우 잘 알고 있다.,보통정도이다.,전혀 없다.
594,여,잘 모르고 있다.,자주 들어본 적이 있다.,전혀 없다.
595,여,보통이다.,자주 들어본 적이 있다.,전혀 없다.
596,남,매우 잘 알고 있다.,들어본 적이 있다.,보통 수준이다.
597,여,잘 알고 있다.,자주 들어본 적이 있다.,없다.
598,남,매우 잘 알고 있다.,들어본 적이 있다.,없다.
599,남,보통이다.,자주 들어본 적이 있다.,없다.
600,남,잘 알고 있다.,자주 들어본 적이 있다.,없다.
601,남,잘 알고 있다.,자주 들어본 적이 있다.,없다.
602,여,잘 알고 있다.,들어본 적이 있다.,없다.
603,남,매우 잘 알고 있다.,보통정도이다.,전혀 없다.
604,남,잘 알고 있다.,자주 들어본 적이 있다.,전혀 없다.
605,남,매우 잘 알고 있다.,자주 들어본 적이 있다.,없다.
606,남,매우 잘 알고 있다.,자주 들어본 적은 없다.,전혀 없다.
607,남,매우 잘 알고 있다.,자주 들어본 적은 없다.,전혀 없다.
608,남,매우 잘 알고 있다.,들어본 적이 있다.,없다.
609,여,잘 알고 있다.,들어본 적이 있다.,전혀 없다.
610,남,보통이다.,들어본 적이 있다.,보통 수준이다.
611,여,매우 잘 알고 있다.,들어본 적이 있다.,전혀 없다.
612,남,매우 잘 알고 있다.,들어본 적이 있다.,없다.
613,여,매우 잘 알고 있다.,자주 들어본 적이 있다.,전혀 없다.
614,남,잘 알고 있다.,자주 들어본 적이 있다.,없다.
615,남,보통이다.,자주 들어본 적이 있다.,보통 수준이다.
616,여,매우 잘 알고 있다.,자주 들어본 적이 있다.,전혀 없다.
617,여,매우 잘 알고 있다.,들어본 적이 있다.,전혀 없다.
618,남,잘 알고 있다.,자주 들어본 적은 없다.,없다.
619,남,잘 알고 있다.,자주 들어본 적이 있다.,전혀 없다.
620,여,잘 알고 있다.,자주 들어본 적이 있다.,전혀 없다.
621,남,잘 알고 있다.,자주 들어본 적이 있다.,전혀 없다.
622,남,잘 알고 있다.,들어본 적이 있다.,없다.
623,여,매우 잘 알고 있다.,들어본 적이 있다.,없다.
624,남,잘 모르고 있다.,자주 들어본 적이 있다.,전혀 없다.
625,남,매우 잘 알고 있다.,자주 들어본 적이 있다.,없다.
626,남,잘 알고 있다.,들어본 적이 있다.,없다.
627,여,잘 알고 있다.,자주 들어본 적은 없다.,전혀 없다.
628,여,매우 잘 알고 있다.,자주 들어본 적이 있다.,보통 수준이다.
629,남,잘 모르고 있다.,들어본 적이 있다.,전혀 없다.
630,남,잘 알고 있다.,자주 들어본 적이 있다.,없다.
631,남,보통이다.,자주 들어본 적은 없다.,전혀 없다.
632,남,매우 잘 알고 있다.,보통정도이다.,없다.
633,남,매우 잘 알고 있다.,보통정도이다.,없다.
634,여,보통이다.,자주 들어본 적이 있다.,전혀 없다.
635,여,잘 알고 있다.,자주 들어본 적이 있다.,전혀 없다.
636,남,잘 알고 있다.,자주 들어본 적이 있다.,없다.
637,남,매우 잘 알고 있다.,보통정도이다.,없다.
638,여,잘 알고 있다.,들어본 적이 있다.,없다.
639,남,보통이다.,자주 들어본 적이 있다.,없다.
640,여,잘 알고 있다.,자주 들어본 적이 있다.,보통 수준이다.
641,남,보통이다.,자주 들어본 적이 있다.,보통 수준이다.
642,남,매우 잘 알고 있다.,자주 들어본 적은 없다.,전혀 없다.
643,남,매우 잘 알고 있다.,보통정도이다.,전혀 없다.
644,남,잘 알고 있다.,자주 들어본 적이 있다.,보통 수준이다.
645,여,매우 잘 알고 있다.,자주 들어본 적이 있다.,전혀 없다.
646,남,잘 알고 있다.,보통정도이다.,없다.
647,여,보통이다.,들어본 적이 있다.,전혀 없다.
648,여,매우 잘 알고 있다.,보통정도이다.,전혀 없다.
649,여,잘 알고 있다.,자주 들어본 적이 있다.,보통 수준이다.
650,남,매우 잘 알고 있다.,자주 들어본 적이 있다.,전혀 없다.
651,남,보통이다.,자주 들어본 적이 있다.,없다.
652,여,매우 잘 알고 있다.,들어본 적이 있다.,전혀 없다.
653,남,잘 알고 있다.,보통정도이다.,전혀 없다.
654,여,매우 잘 알고 있다.,자주 들어본 적이 있다.,전혀 없다.
655,여,보통이다.,자주 들어본 적이 있다.,전혀 없다.
656,남,보통이다.,자주 들어본 적이 있다.,전혀 없다.
657,남,매우 잘 알고 있다.,보통정도이다.,없다.
658,여,매우 잘 알고 있다.,자주 들어본 적은 없다.,전혀 없다.
659,남,잘 알고 있다.,자주 들어본 적이 있다.,없다.
660,여,보통이다.,자주 들어본 적이 있다.,전혀 없다.
661,여,매우 잘 알고 있다.,자주 들어본 적이 있다.,없다.
662,남,매우 잘 알고 있다.,자주 들어본 적은 없다.,없다.
663,여,잘 알고 있다.,들어본 적이 있다.,전혀 없다.
664,여,잘 알고 있다.,자주 들어본 적이 있다.,없다.
665,여,잘 모르고 있다.,자주 들어본 적이 있다.,전혀 없다.
666,여,잘 알고 있다.,들어본 적이 있다.,없다.
667,여,매우 잘 알고 있다.,들어본 적이 있다.,전혀 없다.
668,남,매우 잘 알고 있다.,보통정도이다.,전혀 없다.
669,여,잘 알고 있다.,자주 들어본 적이 있다.,없다.
670,남,보통이다.,자주 들어본 적이 있다.,많다.
671,남,매우 잘 알고 있다.,보통정도이다.,없다.
672,여,매우 잘 알고 있다.,보통정도이다.,전혀 없다.
673,여,매우 잘 알고 있다.,자주 들어본 적은 없다.,전혀 없다.
674,남,매우 잘 알고 있다.,자주 들어본 적이 있다.,보통 수준이다.
675,여,잘 모르고 있다.,자주 들어본 적이 있다.,없다.
676,남,매우 잘 알고 있다.,보통정도이다.,보통 수준이다.
677,여,매우 잘 알고 있다.,보통정도이다.,전혀 없다.
678,여,잘 알고 있다.,들어본 적이 있다.,전혀 없다.
679,여,보통이다.,자주 들어본 적이 있다.,보통 수준이다.
680,여,잘 알고 있다.,들어본 적이 있다.,보통 수준이다.
681,남,보통이다.,보통정도이다.,전혀 없다.
682,여,매우 잘 알고 있다.,자주 들어본 적이 있다.,없다.
683,여,잘 알고 있다.,들어본 적이 있다.,없다.
684,남,잘 알고 있다.,자주 들어본 적이 있다.,없다.
685,남,매우 잘 알고 있다.,자주 들어본 적이 있다.,없다.
686,여,잘 알고 있다.,자주 들어본 적은 없다.,전혀 없다.
687,여,매우 잘 알고 있다.,자주 들어본 적이 있다.,전혀 없다.
688,여,잘 알고 있다.,보통정도이다.,없다.
689,남,잘 알고 있다.,자주 들어본 적이 있다.,없다.
690,남,보통이다.,들어본 적이 있다.,많다.
691,여,매우 잘 알고 있다.,자주 들어본 적이 있다.,전혀 없다.
692,남,매우 잘 알고 있다.,보통정도이다.,전혀 없다.
693,여,매우 잘 알고 있다.,들어본 적이 있다.,전혀 없다.
694,남,보통이다.,자주 들어본 적이 있다.,없다.
695,남,잘 알고 있다.,자주 들어본 적이 있다.,없다.
696,남,매우 잘 알고 있다.,들어본 적이 있다.,전혀 없다.
697,남,매우 잘 알고 있다.,자주 들어본 적이 있다.,전혀 없다.
698,남,매우 잘 알고 있다.,보통정도이다.,전혀 없다.
699,여,매우 잘 알고 있다.,자주 들어본 적이 있다.,보통 수준이다.
700,남,잘 알고 있다.,자주 들어본 적이 있다.,없다.
701,남,잘 알고 있다.,자주 들어본 적이 있다.,없다.
702,여,매우 잘 알고 있다.,자주 들어본 적이 있다.,많다.
703,여,매우 잘 알고 있다.,보통정도이다.,보통 수준이다.
704,여,매우 잘 알고 있다.,자주 들어본 적이 있다.,보통 수준이다.
705,여,잘 알고 있다.,자주 들어본 적이 있다.,없다.
706,여,잘 알고 있다.,자주 들어본 적은 없다.,없다.
707,여,매우 잘 알고 있다.,보통정도이다.,보통 수준이다.
708,여,매우 잘 알고 있다.,전혀 들어본적이 없다.,없다.
709,여,매우 잘 알고 있다.,자주 들어본 적이 있다.,전혀 없다.
710,남,잘 알고 있다.,자주 들어본 적이 있다.,없다.
711,여,잘 알고 있다.,들어본 적이 있다.,전혀 없다.
712,남,매우 잘 알고 있다.,자주 들어본 적이 있다.,전혀 없다.
713,여,매우 잘 알고 있다.,들어본 적이 있다.,전혀 없다.
714,여,보통이다.,자주 들어본 적이 있다.,보통 수준이다.
715,남,잘 모르고 있다.,자주 들어본 적이 있다.,보통 수준이다.
716,여,보통이다.,보통정도이다.,없다.
717,여,매우 잘 알고 있다.,자주 들어본 적은 없다.,없다.
718,여,매우 잘 알고 있다.,보통정도이다.,전혀 없다.
719,남,매우 잘 알고 있다.,자주 들어본 적이 있다.,없다.
720,여,잘 알고 있다.,들어본 적이 있다.,많다.
721,여,매우 잘 알고 있다.,들어본 적이 있다.,보통 수준이다.
722,여,보통이다.,자주 들어본 적은 없다.,전혀 없다.
723,남,매우 잘 알고 있다.,보통정도이다.,전혀 없다.
724,여,보통이다.,자주 들어본 적이 있다.,없다.
725,여,매우 잘 알고 있다.,자주 들어본 적이 있다.,보통 수준이다.
726,여,보통이다.,보통정도이다.,전혀 없다.
727,남,매우 잘 알고 있다.,자주 들어본 적이 있다.,없다.
728,여,매우 잘 알고 있다.,자주 들어본 적은 없다.,전혀 없다.
729,남,잘 모르고 있다.,자주 들어본 적이 있다.,전혀 없다.
730,남,잘 알고 있다.,자주 들어본 적이 있다.,없다.
731,여,매우 잘 알고 있다.,들어본 적이 있다.,없다.
732,남,매우 잘 알고 있다.,보통정도이다.,전혀 없다.
733,남,보통이다.,보통정도이다.,보통 수준이다.
734,여,잘 모르고 있다.,자주 들어본 적이 있다.,없다.
735,남,매우 잘 알고 있다.,자주 들어본 적이 있다.,없다.
736,여,매우 잘 알고 있다.,자주 들어본 적이 있다.,전혀 없다.
737,남,매우 잘 알고 있다.,보통정도이다.,전혀 없다.
738,여,매우 잘 알고 있다.,보통정도이다.,전혀 없다.
739,여,보통이다.,자주 들어본 적이 있다.,없다.
740,여,잘 알고 있다.,자주 들어본 적이 있다.,없다.
741,남,잘 알고 있다.,보통정도이다.,전혀 없다.
742,남,보통이다.,들어본 적이 있다.,없다.
743,남,잘 알고 있다.,들어본 적이 있다.,전혀 없다.
744,남,잘 알고 있다.,자주 들어본 적이 있다.,보통 수준이다.
745,여,매우 잘 알고 있다.,자주 들어본 적이 있다.,보통 수준이다.
746,여,매우 잘 알고 있다.,자주 들어본 적이 있다.,없다.
747,여,매우 잘 알고 있다.,보통정도이다.,전혀 없다.
748,남,매우 잘 알고 있다.,자주 들어본 적이 있다.,없다.
749,남,매우 잘 알고 있다.,자주 들어본 적이 있다.,없다.
750,남,잘 알고 있다.,자주 들어본 적이 있다.,보통 수준이다.
751,남,잘 알고 있다.,보통정도이다.,전혀 없다.
752,남,매우 잘 알고 있다.,보통정도이다.,전혀 없다.
753,여,매우 잘 알고 있다.,들어본 적이 있다.,전혀 없다.
754,여,잘 알고 있다.,자주 들어본 적이 있다.,많다.
755,남,보통이다.,자주 들어본 적이 있다.,많다.
756,여,매우 잘 알고 있다.,자주 들어본 적은 없다.,보통 수준이다.
757,여,잘 알고 있다.,보통정도이다.,보통 수준이다.
758,여,매우 잘 알고 있다.,보통정도이다.,전혀 없다.
759,남,보통이다.,자주 들어본 적이 있다.,없다.
760,여,보통이다.,자주 들어본 적이 있다.,없다.
761,여,보통이다.,들어본 적이 있다.,전혀 없다.
762,여,매우 잘 알고 있다.,자주 들어본 적은 없다.,전혀 없다.
763,남,매우 잘 알고 있다.,보통정도이다.,전혀 없다.
764,남,매우 잘 알고 있다.,자주 들어본 적이 있다.,보통 수준이다.
765,여,잘 알고 있다.,자주 들어본 적이 있다.,전혀 없다.
766,남,매우 잘 알고 있다.,자주 들어본 적이 있다.,보통 수준이다.
767,여,잘 알고 있다.,보통정도이다.,없다.
768,여,매우 잘 알고 있다.,들어본 적이 있다.,전혀 없다.
769,남,잘 알고 있다.,자주 들어본 적이 있다.,전혀 없다.
770,여,잘 모르고 있다.,자주 들어본 적이 있다.,없다.
771,여,잘 알고 있다.,자주 들어본 적이 있다.,전혀 없다.
772,여,잘 알고 있다.,보통정도이다.,전혀 없다.
773,남,매우 잘 알고 있다.,자주 들어본 적은 없다.,전혀 없다.
774,남,보통이다.,자주 들어본 적이 있다.,전혀 없다.
775,남,보통이다.,자주 들어본 적이 있다.,전혀 없다.
776,여,보통이다.,들어본 적이 있다.,전혀 없다.
777,남,매우 잘 알고 있다.,들어본 적이 있다.,전혀 없다.
778,여,매우 잘 알고 있다.,보통정도이다.,전혀 없다.
779,여,잘 알고 있다.,자주 들어본 적이 있다.,없다.
780,여,매우 잘 알고 있다.,자주 들어본 적이 있다.,없다.
781,남,매우 잘 알고 있다.,자주 들어본 적이 있다.,많다.
782,남,잘 알고 있다.,보통정도이다.,전혀 없다.
783,여,매우 잘 알고 있다.,들어본 적이 있다.,전혀 없다.
784,남,잘 모르고 있다.,자주 들어본 적이 있다.,보통 수준이다.
785,남,매우 잘 알고 있다.,자주 들어본 적이 있다.,없다.
786,남,매우 잘 알고 있다.,자주 들어본 적이 있다.,전혀 없다.
787,남,매우 잘 알고 있다.,자주 들어본 적은 없다.,전혀 없다.
788,여,매우 잘 알고 있다.,자주 들어본 적이 있다.,전혀 없다.
789,남,보통이다.,자주 들어본 적이 있다.,전혀 없다.
790,여,보통이다.,들어본 적이 있다.,없다.
791,여,매우 잘 알고 있다.,자주 들어본 적이 있다.,없다.
792,여,잘 알고 있다.,자주 들어본 적은 없다.,없다.
793,여,매우 잘 알고 있다.,자주 들어본 적이 있다.,전혀 없다.
794,여,보통이다.,자주 들어본 적이 있다.,전혀 없다.
795,여,매우 잘 알고 있다.,들어본 적이 있다.,없다.
796,여,잘 알고 있다.,자주 들어본 적이 있다.,없다.
797,남,매우 잘 알고 있다.,보통정도이다.,보통 수준이다.
798,남,매우 잘 알고 있다.,자주 들어본 적은 없다.,전혀 없다.
799,여,잘 알고 있다.,자주 들어본 적이 있다.,보통 수준이다.
800,남,잘 알고 있다.,자주 들어본 적이 있다.,전혀 없다.
801,남,보통이다.,보통정도이다.,없다.
802,여,매우 잘 알고 있다.,들어본 적이 있다.,없다.
803,남,잘 알고 있다.,자주 들어본 적이 있다.,없다.
804,남,매우 잘 알고 있다.,자주 들어본 적이 있다.,보통 수준이다.
805,여,보통이다.,자주 들어본 적이 있다.,많다.
806,여,잘 알고 있다.,들어본 적이 있다.,전혀 없다.
807,여,매우 잘 알고 있다.,들어본 적이 있다.,없다.
808,남,매우 잘 알고 있다.,보통정도이다.,전혀 없다.
809,여,잘 알고 있다.,자주 들어본 적이 있다.,없다.
810,여,매우 잘 알고 있다.,자주 들어본 적이 있다.,전혀 없다.
811,남,잘 알고 있다.,보통정도이다.,보통 수준이다.
812,남,잘 알고 있다.,전혀 들어본적이 없다.,전혀 없다.
813,남,매우 잘 알고 있다.,자주 들어본 적이 있다.,없다.
814,여,잘 알고 있다.,자주 들어본 적이 있다.,전혀 없다.
815,여,매우 잘 알고 있다.,자주 들어본 적이 있다.,전혀 없다.
816,남,보통이다.,자주 들어본 적이 있다.,전혀 없다.
817,남,잘 알고 있다.,보통정도이다.,전혀 없다.
818,여,매우 잘 알고 있다.,보통정도이다.,전혀 없다.
819,여,잘 알고 있다.,자주 들어본 적이 있다.,없다.
820,여,잘 알고 있다.,자주 들어본 적이 있다.,보통 수준이다.
821,여,잘 알고 있다.,들어본 적이 있다.,전혀 없다.
822,남,매우 잘 알고 있다.,들어본 적이 있다.,없다.
823,남,매우 잘 알고 있다.,자주 들어본 적이 있다.,보통 수준이다.
824,남,매우 잘 알고 있다.,들어본 적이 있다.,없다.
825,여,잘 알고 있다.,들어본 적이 있다.,없다.
826,여,매우 잘 알고 있다.,들어본 적이 있다.,없다.
827,여,매우 잘 알고 있다.,보통정도이다.,없다.
828,여,매우 잘 알고 있다.,자주 들어본 적은 없다.,보통 수준이다.
829,남,보통이다.,자주 들어본 적이 있다.,없다.
830,여,매우 잘 알고 있다.,자주 들어본 적이 있다.,없다.
831,여,매우 잘 알고 있다.,보통정도이다.,전혀 없다.
832,여,매우 잘 알고 있다.,들어본 적이 있다.,없다.
833,여,매우 잘 알고 있다.,들어본 적이 있다.,전혀 없다.
834,남,잘 알고 있다.,자주 들어본 적이 있다.,없다.
835,여,보통이다.,자주 들어본 적이 있다.,보통 수준이다.
836,남,보통이다.,자주 들어본 적이 있다.,많다.
837,여,보통이다.,들어본 적이 있다.,전혀 없다.
838,여,매우 잘 알고 있다.,들어본 적이 있다.,전혀 없다.
839,남,보통이다.,자주 들어본 적이 있다.,보통 수준이다.
840,여,보통이다.,자주 들어본 적이 있다.,없다.
841,남,매우 잘 알고 있다.,자주 들어본 적이 있다.,없다.
842,여,매우 잘 알고 있다.,들어본 적이 있다.,전혀 없다.
843,여,매우 잘 알고 있다.,들어본 적이 있다.,없다.
844,남,매우 잘 알고 있다.,자주 들어본 적이 있다.,없다.
845,남,잘 알고 있다.,자주 들어본 적이 있다.,없다.
846,여,잘 알고 있다.,들어본 적이 있다.,없다.
847,남,매우 잘 알고 있다.,자주 들어본 적은 없다.,전혀 없다.
848,남,매우 잘 알고 있다.,보통정도이다.,전혀 없다.
849,남,잘 모르고 있다.,자주 들어본 적이 있다.,없다.
850,남,잘 알고 있다.,자주 들어본 적이 있다.,전혀 없다.
851,여,보통이다.,보통정도이다.,전혀 없다.
852,남,잘 알고 있다.,들어본 적이 있다.,전혀 없다.
853,남,매우 잘 알고 있다.,보통정도이다.,전혀 없다.
854,남,잘 알고 있다.,자주 들어본 적이 있다.,전혀 없다.
855,남,잘 모르고 있다.,자주 들어본 적이 있다.,보통 수준이다.
856,남,보통이다.,자주 들어본 적이 있다.,전혀 없다.
857,남,매우 잘 알고 있다.,전혀 들어본적이 없다.,전혀 없다.
858,여,매우 잘 알고 있다.,자주 들어본 적은 없다.,없다.
859,여,잘 알고 있다.,자주 들어본 적이 있다.,없다.
860,남,매우 잘 알고 있다.,자주 들어본 적이 있다.,보통 수준이다.
861,남,매우 잘 알고 있다.,들어본 적이 있다.,보통 수준이다.
862,여,잘 알고 있다.,보통정도이다.,보통 수준이다.
863,여,잘 알고 있다.,보통정도이다.,전혀 없다.
864,남,매우 잘 알고 있다.,자주 들어본 적이 있다.,매우 많다.
865,여,잘 알고 있다.,자주 들어본 적이 있다.,매우 많다.
866,여,매우 잘 알고 있다.,자주 들어본 적이 있다.,보통 수준이다.
867,여,매우 잘 알고 있다.,자주 들어본 적은 없다.,없다.
868,남,매우 잘 알고 있다.,들어본 적이 있다.,전혀 없다.
869,남,잘 모르고 있다.,자주 들어본 적이 있다.,많다.
870,여,매우 잘 알고 있다.,자주 들어본 적이 있다.,보통 수준이다.
871,여,잘 모르고 있다.,자주 들어본 적이 있다.,없다.
872,여,매우 잘 알고 있다.,들어본 적이 있다.,전혀 없다.
873,여,매우 잘 알고 있다.,들어본 적이 있다.,전혀 없다.
874,여,잘 모르고 있다.,자주 들어본 적이 있다.,전혀 없다.
875,여,보통이다.,자주 들어본 적이 있다.,전혀 없다.
876,남,보통이다.,보통정도이다.,보통 수준이다.
877,여,매우 잘 알고 있다.,자주 들어본 적은 없다.,없다.
878,여,잘 알고 있다.,들어본 적이 있다.,없다.
879,여,매우 잘 알고 있다.,들어본 적이 있다.,보통 수준이다.
880,여,매우 잘 알고 있다.,자주 들어본 적이 있다.,매우 많다.
881,남,매우 잘 알고 있다.,자주 들어본 적이 있다.,전혀 없다.
882,여,매우 잘 알고 있다.,보통정도이다.,없다.
883,남,매우 잘 알고 있다.,들어본 적이 있다.,보통 수준이다.
884,남,보통이다.,자주 들어본 적이 있다.,전혀 없다.
885,남,잘 알고 있다.,자주 들어본 적이 있다.,없다.
886,남,잘 알고 있다.,자주 들어본 적이 있다.,전혀 없다.
887,여,매우 잘 알고 있다.,들어본 적이 있다.,전혀 없다.
888,남,매우 잘 알고 있다.,보통정도이다.,보통 수준이다.
889,남,잘 모르고 있다.,자주 들어본 적이 있다.,전혀 없다.
890,남,매우 잘 알고 있다.,자주 들어본 적이 있다.,전혀 없다.
891,남,매우 잘 알고 있다.,자주 들어본 적이 있다.,전혀 없다.
892,남,매우 잘 알고 있다.,자주 들어본 적이 있다.,전혀 없다.
893,여,매우 잘 알고 있다.,보통정도이다.,전혀 없다.
894,남,잘 모르고 있다.,자주 들어본 적이 있다.,보통 수준이다.
895,여,보통이다.,자주 들어본 적이 있다.,보통 수준이다.
896,남,잘 알고 있다.,자주 들어본 적이 있다.,보통 수준이다.
897,여,매우 잘 알고 있다.,자주 들어본 적이 있다.,전혀 없다.
898,남,매우 잘 알고 있다.,자주 들어본 적은 없다.,없다.
899,남,잘 알고 있다.,자주 들어본 적이 있다.,전혀 없다.
900,여,잘 알고 있다.,자주 들어본 적이 있다.,전혀 없다.
901,남,잘 알고 있다.,들어본 적이 있다.,전혀 없다.
902,남,보통이다.,들어본 적이 있다.,없다.
903,여,잘 알고 있다.,들어본 적이 있다.,전혀 없다.
904,남,잘 알고 있다.,자주 들어본 적이 있다.,많다.
905,남,잘 알고 있다.,자주 들어본 적이 있다.,전혀 없다.
906,남,보통이다.,자주 들어본 적이 있다.,없다.
907,남,매우 잘 알고 있다.,자주 들어본 적은 없다.,없다.
908,여,잘 알고 있다.,자주 들어본 적은 없다.,전혀 없다.
909,여,매우 잘 알고 있다.,자주 들어본 적이 있다.,없다.
910,남,잘 알고 있다.,자주 들어본 적이 있다.,보통 수준이다.
911,남,매우 잘 알고 있다.,자주 들어본 적이 있다.,보통 수준이다.
912,여,잘 알고 있다.,자주 들어본 적이 있다.,전혀 없다.
913,남,매우 잘 알고 있다.,보통정도이다.,없다.
914,여,잘 알고 있다.,자주 들어본 적이 있다.,전혀 없다.
915,여,잘 알고 있다.,들어본 적이 있다.,전혀 없다.
916,남,매우 잘 알고 있다.,보통정도이다.,많다.
917,여,매우 잘 알고 있다.,보통정도이다.,전혀 없다.
918,여,매우 잘 알고 있다.,들어본 적이 있다.,전혀 없다.
919,남,매우 잘 알고 있다.,자주 들어본 적이 있다.,없다.
920,남,잘 알고 있다.,자주 들어본 적이 있다.,전혀 없다.
921,남,잘 모르고 있다.,자주 들어본 적이 있다.,보통 수준이다.
922,여,보통이다.,자주 들어본 적이 있다.,전혀 없다.
923,여,잘 알고 있다.,자주 들어본 적은 없다.,전혀 없다.
924,남,잘 알고 있다.,자주 들어본 적이 있다.,보통 수준이다.
925,여,잘 알고 있다.,자주 들어본 적이 있다.,보통 수준이다.
926,남,매우 잘 알고 있다.,들어본 적이 있다.,전혀 없다.
927,여,매우 잘 알고 있다.,보통정도이다.,없다.
928,남,매우 잘 알고 있다.,보통정도이다.,전혀 없다.
929,여,잘 알고 있다.,자주 들어본 적이 있다.,보통 수준이다.
930,남,보통이다.,자주 들어본 적이 있다.,없다.
931,여,잘 알고 있다.,자주 들어본 적이 있다.,없다.
932,남,매우 잘 알고 있다.,보통정도이다.,전혀 없다.
933,남,매우 잘 알고 있다.,들어본 적이 있다.,전혀 없다.
934,여,매우 잘 알고 있다.,자주 들어본 적이 있다.,보통 수준이다.
935,여,잘 모르고 있다.,자주 들어본 적이 있다.,없다.
936,여,매우 잘 알고 있다.,들어본 적이 있다.,전혀 없다.
937,남,잘 알고 있다.,보통정도이다.,없다.
938,여,매우 잘 알고 있다.,들어본 적이 있다.,전혀 없다.
939,남,잘 알고 있다.,자주 들어본 적이 있다.,없다.
940,남,매우 잘 알고 있다.,자주 들어본 적이 있다.,없다.
941,여,잘 알고 있다.,자주 들어본 적이 있다.,보통 수준이다.
942,남,매우 잘 알고 있다.,보통정도이다.,전혀 없다.
943,남,매우 잘 알고 있다.,들어본 적이 있다.,전혀 없다.
944,남,잘 모르고 있다.,자주 들어본 적이 있다.,없다.
945,남,잘 알고 있다.,자주 들어본 적이 있다.,없다.
946,남,잘 알고 있다.,자주 들어본 적이 있다.,없다.
947,남,잘 알고 있다.,자주 들어본 적이 있다.,전혀 없다.
948,여,매우 잘 알고 있다.,보통정도이다.,전혀 없다.
949,여,잘 알고 있다.,자주 들어본 적이 있다.,보통 수준이다.
950,여,잘 알고 있다.,자주 들어본 적이 있다.,보통 수준이다.
951,여,매우 잘 알고 있다.,들어본 적이 있다.,없다.
952,남,매우 잘 알고 있다.,자주 들어본 적이 있다.,전혀 없다.
953,남,매우 잘 알고 있다.,보통정도이다.,전혀 없다.
954,남,보통이다.,자주 들어본 적이 있다.,많다.
955,남,잘 모르고 있다.,자주 들어본 적이 있다.,없다.
956,남,매우 잘 알고 있다.,자주 들어본 적이 있다.,전혀 없다.
957,여,잘 알고 있다.,들어본 적이 있다.,전혀 없다.
958,남,잘 알고 있다.,보통정도이다.,전혀 없다.
959,남,매우 잘 알고 있다.,자주 들어본 적이 있다.,없다.
960,남,보통이다.,자주 들어본 적이 있다.,없다.
961,남,잘 알고 있다.,자주 들어본 적은 없다.,보통 수준이다.
962,여,매우 잘 알고 있다.,자주 들어본 적이 있다.,없다.
963,여,매우 잘 알고 있다.,들어본 적이 있다.,없다.
964,여,매우 잘 알고 있다.,들어본 적이 있다.,없다.
965,여,잘 알고 있다.,자주 들어본 적이 있다.,전혀 없다.
966,남,보통이다.,자주 들어본 적이 있다.,전혀 없다.
967,남,잘 알고 있다.,자주 들어본 적은 없다.,전혀 없다.
968,남,매우 잘 알고 있다.,들어본 적이 있다.,많다.
969,남,매우 잘 알고 있다.,자주 들어본 적이 있다.,전혀 없다.
970,남,보통이다.,자주 들어본 적이 있다.,없다.
971,여,매우 잘 알고 있다.,보통정도이다.,전혀 없다.
972,남,잘 알고 있다.,보통정도이다.,전혀 없다.
973,여,매우 잘 알고 있다.,보통정도이다.,전혀 없다.
974,남,매우 잘 모르고 있다.,자주 들어본 적이 있다.,보통 수준이다.
975,여,보통이다.,자주 들어본 적이 있다.,전혀 없다.
976,여,매우 잘 알고 있다.,들어본 적이 있다.,없다.
977,여,잘 알고 있다.,보통정도이다.,없다.
978,여,매우 잘 알고 있다.,자주 들어본 적은 없다.,전혀 없다.
979,여,보통이다.,자주 들어본 적이 있다.,전혀 없다.
980,남,보통이다.,자주 들어본 적이 있다.,보통 수준이다.
981,남,매우 잘 알고 있다.,보통정도이다.,전혀 없다.
982,여,보통이다.,들어본 적이 있다.,전혀 없다.
983,여,매우 잘 알고 있다.,들어본 적이 있다.,없다.
984,남,보통이다.,자주 들어본 적이 있다.,많다.
985,여,잘 모르고 있다.,들어본 적이 있다.,보통 수준이다.
986,남,매우 잘 알고 있다.,자주 들어본 적이 있다.,전혀 없다.
987,여,잘 알고 있다.,자주 들어본 적이 있다.,전혀 없다.
988,남,보통이다.,자주 들어본 적이 있다.,없다.
989,남,잘 알고 있다.,자주 들어본 적이 있다.,없다.
990,여,매우 잘 알고 있다.,자주 들어본 적이 있다.,전혀 없다.
991,남,잘 모르고 있다.,들어본 적이 있다.,전혀 없다.
992,남,매우 잘 알고 있다.,자주 들어본 적은 없다.,없다.
993,남,매우 잘 알고 있다.,들어본 적이 있다.,전혀 없다.
994,여,잘 알고 있다.,자주 들어본 적이 있다.,보통 수준이다.
995,여,잘 알고 있다.,자주 들어본 적이 있다.,전혀 없다.
996,여,잘 모르고 있다.,자주 들어본 적이 있다.,전혀 없다.
997,남,매우 잘 알고 있다.,들어본 적이 있다.,없다.
998,여,매우 잘 알고 있다.,들어본 적이 있다.,전혀 없다.
999,여,매우 잘 알고 있다.,자주 들어본 적이 있다.,보통 수준이다.
1000,여,보통이다.,자주 들어본 적이 있다.,전혀 없다.
1001,여,매우 잘 알고 있다.,들어본 적이 있다.,보통 수준이다.
1002,남,보통이다.,자주 들어본 적은 없다.,없다.
1003,여,매우 잘 알고 있다.,들어본 적이 있다.,전혀 없다.
